model,objective,alias_rotation,output_order,n,accuracy,regret_pp,readout_accuracy,program_accuracy,program_regret_pp_valid,invalid_values,order_compliant,clean_eligible,clean_errors,clean_error_cases,clean_error_blocks,clean_error_regret_sum_pp
base,conditional_max,0,ABCD,165,0.9575757575757575,0.3221132652787879,0.9272727272727272,0.9939393939393939,0.008619371515151512,0,165,153,6,6,6,51.72649247100001
base,conditional_max,0,CDAB,165,0.9696969696969697,0.15016969001818178,0.9818181818181818,1.0,0.0,0,165,162,5,5,5,24.777998852999993
base,conditional_max,1,ABCD,165,0.9515151515151515,0.2558959320666667,0.9333333333333333,0.9878787878787879,0.13566323513333337,0,165,154,4,4,4,12.813312373999993
base,conditional_max,1,CDAB,165,0.9636363636363636,0.14275893012727273,0.9151515151515152,0.9818181818181818,0.11214983087878791,0,165,151,3,3,3,5.050501375999998
base,conditional_max,2,ABCD,165,0.9393939393939394,0.2663994869212121,0.9272727272727272,0.9515151515151515,0.2345025896341463,1,165,153,3,3,3,5.497490642
base,conditional_max,2,CDAB,165,0.9090909090909091,0.6298234284424242,0.896969696969697,0.9454545454545454,0.5557101396463414,1,165,148,7,7,7,73.304393371
base,conditional_max,3,ABCD,165,0.9696969696969697,0.2703210840606061,0.9515151515151515,0.9757575757575757,0.20187012084848488,0,165,157,1,1,1,11.294408930000003
base,conditional_max,3,CDAB,165,0.9515151515151515,0.29844765706060616,0.9454545454545454,0.9757575757575757,0.20041416915151516,0,165,156,4,4,4,16.17552550500001
base,conditional_min,0,ABCD,165,0.9212121212121213,1.0366353622545452,0.9333333333333333,0.9757575757575757,0.24798515895151513,0,165,154,9,9,9,130.12728354499998
base,conditional_min,0,CDAB,165,0.9272727272727272,0.8232322744969696,0.9696969696969697,0.9878787878787879,0.19337825745454543,0,165,160,10,10,10,103.925912812
base,conditional_min,1,ABCD,165,0.9333333333333333,0.30925588083636363,0.9393939393939394,0.9818181818181818,0.13449659915151513,0,165,155,8,8,8,28.835281478000002
base,conditional_min,1,CDAB,165,0.9030303030303031,0.6120458907636364,0.9090909090909091,0.9636363636363636,0.39707802189696967,0,165,150,10,10,10,35.469698363000006
base,conditional_min,2,ABCD,165,0.9151515151515152,1.3422744420909092,0.9393939393939394,0.9757575757575757,0.27403281884146335,1,165,155,9,9,9,164.90618535500002
base,conditional_min,2,CDAB,165,0.8666666666666667,1.5167364175393938,0.9030303030303031,0.9575757575757575,0.2580208312621951,1,165,149,16,16,16,207.946092567
base,conditional_min,3,ABCD,165,0.9515151515151515,0.2594759203030303,0.9575757575757575,1.0,0.0,0,165,158,7,7,7,31.859688489999996
base,conditional_min,3,CDAB,165,0.9030303030303031,1.118440024,0.9454545454545454,0.9818181818181818,0.10744983736969695,0,165,156,13,13,13,166.813380794
uniform,conditional_max,0,ABCD,165,0.9818181818181818,0.17447641303636366,0.9575757575757575,1.0,0.0,0,165,158,3,3,3,28.788608151000005
uniform,conditional_max,0,CDAB,165,0.9818181818181818,0.05150383569090907,0.9696969696969697,0.9939393939393939,0.03640394060606058,0,165,160,2,2,2,2.4914826890000006
uniform,conditional_max,1,ABCD,165,0.9757575757575757,0.10181347724242427,0.9575757575757575,0.9939393939393939,0.025652839454545485,0,165,158,2,2,2,6.396432595
uniform,conditional_max,1,CDAB,165,0.9757575757575757,0.11896456318181822,0.9515151515151515,0.9878787878787879,0.034272210969697,0,165,157,2,2,2,13.974238115000002
uniform,conditional_max,2,ABCD,165,0.9636363636363636,0.08440970546666667,0.9575757575757575,0.9757575757575757,0.05140311439024391,1,165,158,3,3,3,5.497490642
uniform,conditional_max,2,CDAB,165,0.9575757575757575,0.15342777109696973,0.9030303030303031,0.9636363636363636,0.05238506993865033,2,165,149,2,2,2,14.912284421000003
uniform,conditional_max,3,ABCD,165,0.9757575757575757,0.15079684327272733,0.9575757575757575,0.9818181818181818,0.08234588006060609,0,165,158,1,1,1,11.294408930000003
uniform,conditional_max,3,CDAB,165,0.9696969696969697,0.07651012588484854,0.9575757575757575,0.9939393939393939,0.025652839454545485,0,165,158,4,4,4,8.391452261000005
uniform,conditional_min,0,ABCD,165,0.9212121212121213,1.3054250307696968,0.9575757575757575,0.9818181818181818,0.19413561363636364,0,165,158,10,10,10,183.36275382699998
uniform,conditional_min,0,CDAB,165,0.9333333333333333,1.147976042678788,0.9515151515151515,0.9878787878787879,0.16296017503030302,0,165,157,10,10,10,182.459832782
uniform,conditional_min,1,ABCD,165,0.9515151515151515,0.19458615909090912,0.9575757575757575,0.9878787878787879,0.057407294545454526,0,165,158,7,7,7,25.807909610000003
uniform,conditional_min,1,CDAB,165,0.9333333333333333,0.2390522995272727,0.9272727272727272,0.9696969696969697,0.4542319925878788,0,165,153,8,8,8,29.045421934999997
uniform,conditional_min,2,ABCD,165,0.9151515151515152,1.3707037346424242,0.9575757575757575,0.9878787878787879,0.2182704098181818,0,165,158,11,11,11,179.19766023600002
uniform,conditional_min,2,CDAB,165,0.8666666666666667,1.6738707231030303,0.9090909090909091,0.9575757575757575,0.41731958912804873,1,165,150,15,15,15,160.921124945
uniform,conditional_min,3,ABCD,165,0.9212121212121213,0.8654549841636363,0.9636363636363636,1.0,0.0,0,165,159,11,11,11,131.04866815
uniform,conditional_min,3,CDAB,165,0.9333333333333333,0.7013151933878788,0.9575757575757575,0.9878787878787879,0.03920131579393938,0,165,158,9,9,9,109.24878980300001
