split,arm,objective,variant,group_id,attempted,valid,invalid,conditional_accuracy,all_attempt_accuracy,mean_regret_pp_valid
validation,base,conditional_max,canonical,381b7085773cd92e0f81,45,45,0,0.8888888888888888,0.8888888888888888,0.5045953623777777
validation,base,conditional_max,canonical,48ae00ade5da6db7eff9,45,45,0,0.8666666666666667,0.8666666666666667,0.19281055099999997
validation,base,conditional_max,canonical,87e22e4dc6500fb855d5,30,30,0,0.7,0.7,2.0670964570333337
validation,base,conditional_max,canonical,eed5d8cd391d1c31f166,45,45,0,0.8888888888888888,0.8888888888888888,0.3565732532666667
validation,base,conditional_max,reversed,381b7085773cd92e0f81,45,45,0,0.8222222222222222,0.8222222222222222,1.2781245417777776
validation,base,conditional_max,reversed,48ae00ade5da6db7eff9,45,45,0,0.9777777777777777,0.9777777777777777,0.0325065411111111
validation,base,conditional_max,reversed,87e22e4dc6500fb855d5,30,30,0,0.6666666666666666,0.6666666666666666,1.983862354433334
validation,base,conditional_max,reversed,eed5d8cd391d1c31f166,45,45,0,0.8222222222222222,0.8222222222222222,1.2606015402444446
validation,base,conditional_max,shuffled,381b7085773cd92e0f81,45,45,0,0.6,0.6,2.786974189933333
validation,base,conditional_max,shuffled,48ae00ade5da6db7eff9,45,45,0,0.6888888888888889,0.6888888888888889,1.1884939507777776
validation,base,conditional_max,shuffled,87e22e4dc6500fb855d5,30,30,0,0.7,0.7,1.8434924225
validation,base,conditional_max,shuffled,eed5d8cd391d1c31f166,45,45,0,0.6444444444444445,0.6444444444444445,1.4082951689111112
validation,base,conditional_max,structured,381b7085773cd92e0f81,45,45,0,0.8888888888888888,0.8888888888888888,0.24029132460000002
validation,base,conditional_max,structured,48ae00ade5da6db7eff9,45,45,0,0.8444444444444444,0.8444444444444444,0.21181077277777788
validation,base,conditional_max,structured,87e22e4dc6500fb855d5,30,30,0,0.7,0.7,1.9254933660333335
validation,base,conditional_max,structured,eed5d8cd391d1c31f166,45,45,0,0.8222222222222222,0.8222222222222222,0.6727199359333333
validation,base,conditional_max,checklist,381b7085773cd92e0f81,45,45,0,0.8888888888888888,0.8888888888888888,0.5045953623777777
validation,base,conditional_max,checklist,48ae00ade5da6db7eff9,45,45,0,0.8444444444444444,0.8444444444444444,0.21181077277777788
validation,base,conditional_max,checklist,87e22e4dc6500fb855d5,30,30,0,0.6666666666666666,0.6666666666666666,2.1643787970333337
validation,base,conditional_max,checklist,eed5d8cd391d1c31f166,45,45,0,0.8888888888888888,0.8888888888888888,0.3565732532666667
validation,base,conditional_min,canonical,381b7085773cd92e0f81,45,45,0,0.9333333333333333,0.9333333333333333,1.1264977495777777
validation,base,conditional_min,canonical,48ae00ade5da6db7eff9,45,45,0,0.8444444444444444,0.8444444444444444,1.859536648822222
validation,base,conditional_min,canonical,87e22e4dc6500fb855d5,30,30,0,0.9,0.9,0.10428366406666674
validation,base,conditional_min,canonical,eed5d8cd391d1c31f166,45,45,0,0.6888888888888889,0.6888888888888889,0.7900884340222223
validation,base,conditional_min,reversed,381b7085773cd92e0f81,45,45,0,0.8666666666666667,0.8666666666666667,0.5861463079999999
validation,base,conditional_min,reversed,48ae00ade5da6db7eff9,45,45,0,0.7555555555555555,0.7555555555555555,1.2067198599555555
validation,base,conditional_min,reversed,87e22e4dc6500fb855d5,30,30,0,0.7666666666666667,0.7666666666666667,4.268461600566667
validation,base,conditional_min,reversed,eed5d8cd391d1c31f166,45,45,0,0.7111111111111111,0.7111111111111111,1.977187218577778
validation,base,conditional_min,shuffled,381b7085773cd92e0f81,45,45,0,0.8666666666666667,0.8666666666666667,0.6464401692888888
validation,base,conditional_min,shuffled,48ae00ade5da6db7eff9,45,45,0,0.5777777777777777,0.5777777777777777,3.2738080728444445
validation,base,conditional_min,shuffled,87e22e4dc6500fb855d5,30,30,0,0.5,0.5,5.4122229513999995
validation,base,conditional_min,shuffled,eed5d8cd391d1c31f166,45,45,0,0.5555555555555556,0.5555555555555556,4.296513719155556
validation,base,conditional_min,structured,381b7085773cd92e0f81,45,45,0,0.9111111111111111,0.9111111111111111,1.1858965052444446
validation,base,conditional_min,structured,48ae00ade5da6db7eff9,45,45,0,0.8444444444444444,0.8444444444444444,3.447640556822222
validation,base,conditional_min,structured,87e22e4dc6500fb855d5,30,30,0,0.8666666666666667,0.8666666666666667,1.3070453325
validation,base,conditional_min,structured,eed5d8cd391d1c31f166,45,45,0,0.7333333333333333,0.7333333333333333,2.119671672311111
validation,base,conditional_min,checklist,381b7085773cd92e0f81,45,45,0,0.9555555555555556,0.9555555555555556,0.6950506331111113
validation,base,conditional_min,checklist,48ae00ade5da6db7eff9,45,45,0,0.8,0.8,2.2552982615555552
validation,base,conditional_min,checklist,87e22e4dc6500fb855d5,30,30,0,0.9,0.9,0.10428366406666674
validation,base,conditional_min,checklist,eed5d8cd391d1c31f166,45,45,0,0.6888888888888889,0.6888888888888889,1.4459752278000002
validation,uniform,conditional_max,canonical,381b7085773cd92e0f81,45,45,0,0.9777777777777777,0.9777777777777777,0.02025043511111101
validation,uniform,conditional_max,canonical,48ae00ade5da6db7eff9,45,45,0,0.9555555555555556,0.9555555555555556,0.07035521711111115
validation,uniform,conditional_max,canonical,87e22e4dc6500fb855d5,30,30,0,0.9333333333333333,0.9333333333333333,0.06272325600000007
validation,uniform,conditional_max,canonical,eed5d8cd391d1c31f166,45,45,0,1.0,1.0,0.0
validation,uniform,conditional_max,reversed,381b7085773cd92e0f81,45,45,0,0.9111111111111111,0.9111111111111111,0.1686189955555556
validation,uniform,conditional_max,reversed,48ae00ade5da6db7eff9,45,45,0,0.9555555555555556,0.9555555555555556,0.06226534875555559
validation,uniform,conditional_max,reversed,87e22e4dc6500fb855d5,30,30,0,0.9666666666666667,0.9666666666666667,0.04642978133333363
validation,uniform,conditional_max,reversed,eed5d8cd391d1c31f166,45,45,0,0.9555555555555556,0.9555555555555556,1.0119941418666667
validation,uniform,conditional_max,shuffled,381b7085773cd92e0f81,45,45,0,0.6666666666666666,0.6666666666666666,1.4695593340888886
validation,uniform,conditional_max,shuffled,48ae00ade5da6db7eff9,45,45,0,0.7555555555555555,0.7555555555555555,1.1556002690444445
validation,uniform,conditional_max,shuffled,87e22e4dc6500fb855d5,30,30,0,0.7,0.7,1.5685521582666666
validation,uniform,conditional_max,shuffled,eed5d8cd391d1c31f166,45,45,0,0.6666666666666666,0.6666666666666666,2.0121352095333336
validation,uniform,conditional_max,structured,381b7085773cd92e0f81,45,45,0,0.9555555555555556,0.9555555555555556,0.04137808799999981
validation,uniform,conditional_max,structured,48ae00ade5da6db7eff9,45,45,0,0.9555555555555556,0.9555555555555556,0.07035521711111115
validation,uniform,conditional_max,structured,87e22e4dc6500fb855d5,30,30,0,0.9666666666666667,0.9666666666666667,0.002408127333333334
validation,uniform,conditional_max,structured,eed5d8cd391d1c31f166,45,45,0,1.0,1.0,0.0
validation,uniform,conditional_max,checklist,381b7085773cd92e0f81,45,45,0,0.9555555555555556,0.9555555555555556,0.04137808799999981
validation,uniform,conditional_max,checklist,48ae00ade5da6db7eff9,45,45,0,0.9555555555555556,0.9555555555555556,0.07035521711111115
validation,uniform,conditional_max,checklist,87e22e4dc6500fb855d5,30,30,0,0.9333333333333333,0.9333333333333333,0.06272325600000007
validation,uniform,conditional_max,checklist,eed5d8cd391d1c31f166,45,45,0,0.9777777777777777,0.9777777777777777,0.06979333924444445
validation,uniform,conditional_min,canonical,381b7085773cd92e0f81,45,45,0,0.9555555555555556,0.9555555555555556,0.042341224244444454
validation,uniform,conditional_min,canonical,48ae00ade5da6db7eff9,45,45,0,0.8888888888888888,0.8888888888888888,0.4931438036666667
validation,uniform,conditional_min,canonical,87e22e4dc6500fb855d5,30,30,0,0.9,0.9,1.0622968584
validation,uniform,conditional_min,canonical,eed5d8cd391d1c31f166,45,45,0,0.8888888888888888,0.8888888888888888,0.1995395491111112
validation,uniform,conditional_min,reversed,381b7085773cd92e0f81,45,45,0,0.9111111111111111,0.9111111111111111,0.42942128128888885
validation,uniform,conditional_min,reversed,48ae00ade5da6db7eff9,45,45,0,0.8444444444444444,0.8444444444444444,0.6564889214888889
validation,uniform,conditional_min,reversed,87e22e4dc6500fb855d5,30,30,0,0.9,0.9,0.5528315219999999
validation,uniform,conditional_min,reversed,eed5d8cd391d1c31f166,45,45,0,0.6888888888888889,0.6888888888888889,1.3281619254666668
validation,uniform,conditional_min,shuffled,381b7085773cd92e0f81,45,45,0,0.8222222222222222,0.8222222222222222,0.997594914688889
validation,uniform,conditional_min,shuffled,48ae00ade5da6db7eff9,45,45,0,0.6888888888888889,0.6888888888888889,2.5072218808666666
validation,uniform,conditional_min,shuffled,87e22e4dc6500fb855d5,30,30,0,0.6666666666666666,0.6666666666666666,4.827684060466667
validation,uniform,conditional_min,shuffled,eed5d8cd391d1c31f166,45,45,0,0.6888888888888889,0.6888888888888889,2.0033999844666663
validation,uniform,conditional_min,structured,381b7085773cd92e0f81,45,45,0,0.9555555555555556,0.9555555555555556,0.042341224244444454
validation,uniform,conditional_min,structured,48ae00ade5da6db7eff9,45,45,0,0.8666666666666667,0.8666666666666667,2.0231973647555557
validation,uniform,conditional_min,structured,87e22e4dc6500fb855d5,30,30,0,0.8,0.8,3.8594029468000004
validation,uniform,conditional_min,structured,eed5d8cd391d1c31f166,45,45,0,0.8444444444444444,0.8444444444444444,1.8681057357333335
validation,uniform,conditional_min,checklist,381b7085773cd92e0f81,45,45,0,0.9777777777777777,0.9777777777777777,0.03477654311111112
validation,uniform,conditional_min,checklist,48ae00ade5da6db7eff9,45,45,0,0.9111111111111111,0.9111111111111111,0.31239819606666663
validation,uniform,conditional_min,checklist,87e22e4dc6500fb855d5,30,30,0,0.9666666666666667,0.9666666666666667,0.011272307799999999
validation,uniform,conditional_min,checklist,eed5d8cd391d1c31f166,45,45,0,0.8666666666666667,0.8666666666666667,0.2063551186000001
validation,low_disagreement,conditional_max,canonical,381b7085773cd92e0f81,45,45,0,0.9333333333333333,0.9333333333333333,0.4217987347777777
validation,low_disagreement,conditional_max,canonical,48ae00ade5da6db7eff9,45,45,0,0.9111111111111111,0.9111111111111111,0.1609238833333333
validation,low_disagreement,conditional_max,canonical,87e22e4dc6500fb855d5,30,30,0,0.9666666666666667,0.9666666666666667,0.034556517000000044
validation,low_disagreement,conditional_max,canonical,eed5d8cd391d1c31f166,45,45,0,0.9111111111111111,0.9111111111111111,0.2608654550222224
validation,low_disagreement,conditional_max,reversed,381b7085773cd92e0f81,45,45,0,0.8888888888888888,0.8888888888888888,0.21783052844444453
validation,low_disagreement,conditional_max,reversed,48ae00ade5da6db7eff9,45,45,0,0.9555555555555556,0.9555555555555556,0.06226534875555559
validation,low_disagreement,conditional_max,reversed,87e22e4dc6500fb855d5,30,30,0,0.8,0.8,0.7354186090000006
validation,low_disagreement,conditional_max,reversed,eed5d8cd391d1c31f166,45,45,0,0.8888888888888888,0.8888888888888888,1.2905082096444442
validation,low_disagreement,conditional_max,shuffled,381b7085773cd92e0f81,45,45,0,0.5777777777777777,0.5777777777777777,2.8914244960888884
validation,low_disagreement,conditional_max,shuffled,48ae00ade5da6db7eff9,45,45,0,0.7111111111111111,0.7111111111111111,0.9544906083333332
validation,low_disagreement,conditional_max,shuffled,87e22e4dc6500fb855d5,30,30,0,0.7666666666666667,0.7666666666666667,0.9223281032666668
validation,low_disagreement,conditional_max,shuffled,eed5d8cd391d1c31f166,45,45,0,0.5777777777777777,0.5777777777777777,2.472884625333333
validation,low_disagreement,conditional_max,structured,381b7085773cd92e0f81,45,45,0,0.9333333333333333,0.9333333333333333,0.17800285415555553
validation,low_disagreement,conditional_max,structured,48ae00ade5da6db7eff9,45,45,0,0.8666666666666667,0.8666666666666667,0.22807735257777767
validation,low_disagreement,conditional_max,structured,87e22e4dc6500fb855d5,30,30,0,0.9333333333333333,0.9333333333333333,0.0071890633333335585
validation,low_disagreement,conditional_max,structured,eed5d8cd391d1c31f166,45,45,0,0.8666666666666667,0.8666666666666667,0.46314643553333346
validation,low_disagreement,conditional_max,checklist,381b7085773cd92e0f81,45,45,0,0.9333333333333333,0.9333333333333333,0.4217987347777777
validation,low_disagreement,conditional_max,checklist,48ae00ade5da6db7eff9,45,45,0,0.9111111111111111,0.9111111111111111,0.17599413622222215
validation,low_disagreement,conditional_max,checklist,87e22e4dc6500fb855d5,30,30,0,0.9666666666666667,0.9666666666666667,0.034556517000000044
validation,low_disagreement,conditional_max,checklist,eed5d8cd391d1c31f166,45,45,0,0.8888888888888888,0.8888888888888888,0.46191732664444457
validation,low_disagreement,conditional_min,canonical,381b7085773cd92e0f81,45,45,0,0.9777777777777777,0.9777777777777777,0.31981655555555555
validation,low_disagreement,conditional_min,canonical,48ae00ade5da6db7eff9,45,45,0,0.8888888888888888,0.8888888888888888,1.705781345422222
validation,low_disagreement,conditional_min,canonical,87e22e4dc6500fb855d5,30,30,0,0.8666666666666667,0.8666666666666667,1.0696877769666666
validation,low_disagreement,conditional_min,canonical,eed5d8cd391d1c31f166,45,45,0,0.7333333333333333,0.7333333333333333,1.0021236698
validation,low_disagreement,conditional_min,reversed,381b7085773cd92e0f81,45,45,0,0.8444444444444444,0.8444444444444444,0.536979539311111
validation,low_disagreement,conditional_min,reversed,48ae00ade5da6db7eff9,45,45,0,0.8222222222222222,0.8222222222222222,0.9755840888222224
validation,low_disagreement,conditional_min,reversed,87e22e4dc6500fb855d5,30,30,0,0.8333333333333334,0.8333333333333334,1.157618552
validation,low_disagreement,conditional_min,reversed,eed5d8cd391d1c31f166,45,45,0,0.6888888888888889,0.6888888888888889,1.8383443643555557
validation,low_disagreement,conditional_min,shuffled,381b7085773cd92e0f81,45,45,0,0.8222222222222222,0.8222222222222222,0.8365417737777777
validation,low_disagreement,conditional_min,shuffled,48ae00ade5da6db7eff9,45,45,0,0.7111111111111111,0.7111111111111111,2.3968432849777774
validation,low_disagreement,conditional_min,shuffled,87e22e4dc6500fb855d5,30,30,0,0.6333333333333333,0.6333333333333333,4.366187336666667
validation,low_disagreement,conditional_min,shuffled,eed5d8cd391d1c31f166,45,45,0,0.6,0.6,3.1880960488888888
validation,low_disagreement,conditional_min,structured,381b7085773cd92e0f81,45,45,0,0.9111111111111111,0.9111111111111111,1.1858965052444446
validation,low_disagreement,conditional_min,structured,48ae00ade5da6db7eff9,45,45,0,0.8666666666666667,0.8666666666666667,3.597688962533333
validation,low_disagreement,conditional_min,structured,87e22e4dc6500fb855d5,30,30,0,0.8333333333333334,0.8333333333333334,1.2951482796333333
validation,low_disagreement,conditional_min,structured,eed5d8cd391d1c31f166,45,45,0,0.7333333333333333,0.7333333333333333,1.609724359088889
validation,low_disagreement,conditional_min,checklist,381b7085773cd92e0f81,45,45,0,0.9555555555555556,0.9555555555555556,0.6950506331111113
validation,low_disagreement,conditional_min,checklist,48ae00ade5da6db7eff9,45,45,0,0.9111111111111111,0.9111111111111111,0.4929662165333334
validation,low_disagreement,conditional_min,checklist,87e22e4dc6500fb855d5,30,30,0,0.9333333333333333,0.9333333333333333,0.018663226366666664
validation,low_disagreement,conditional_min,checklist,eed5d8cd391d1c31f166,45,45,0,0.7555555555555555,0.7555555555555555,0.4773776964666668
validation,high_disagreement,conditional_max,canonical,381b7085773cd92e0f81,45,45,0,0.9111111111111111,0.9111111111111111,0.5013222594888888
validation,high_disagreement,conditional_max,canonical,48ae00ade5da6db7eff9,45,45,0,0.8888888888888888,0.8888888888888888,0.16448304908888886
validation,high_disagreement,conditional_max,canonical,87e22e4dc6500fb855d5,30,30,0,0.8333333333333334,0.8333333333333334,0.7120731908000001
validation,high_disagreement,conditional_max,canonical,eed5d8cd391d1c31f166,45,45,0,0.9777777777777777,0.9777777777777777,0.01477048399999998
validation,high_disagreement,conditional_max,reversed,381b7085773cd92e0f81,45,45,0,0.8666666666666667,0.8666666666666667,0.6273319831111112
validation,high_disagreement,conditional_max,reversed,48ae00ade5da6db7eff9,45,45,0,0.9333333333333333,0.9333333333333333,0.8281583757111112
validation,high_disagreement,conditional_max,reversed,87e22e4dc6500fb855d5,30,30,0,0.7666666666666667,0.7666666666666667,1.7058811055666672
validation,high_disagreement,conditional_max,reversed,eed5d8cd391d1c31f166,45,45,0,0.8888888888888888,0.8888888888888888,0.9498344758
validation,high_disagreement,conditional_max,shuffled,381b7085773cd92e0f81,45,45,0,0.6666666666666666,0.6666666666666666,1.7466153019333333
validation,high_disagreement,conditional_max,shuffled,48ae00ade5da6db7eff9,45,45,0,0.7777777777777778,0.7777777777777778,0.7009480785555554
validation,high_disagreement,conditional_max,shuffled,87e22e4dc6500fb855d5,30,30,0,0.7,0.7,1.5818475029333332
validation,high_disagreement,conditional_max,shuffled,eed5d8cd391d1c31f166,45,45,0,0.6888888888888889,0.6888888888888889,1.2416517269333338
validation,high_disagreement,conditional_max,structured,381b7085773cd92e0f81,45,45,0,0.9333333333333333,0.9333333333333333,0.1619451863777777
validation,high_disagreement,conditional_max,structured,48ae00ade5da6db7eff9,45,45,0,0.8666666666666667,0.8666666666666667,0.16996549722222218
validation,high_disagreement,conditional_max,structured,87e22e4dc6500fb855d5,30,30,0,0.8666666666666667,0.8666666666666667,0.47318775980000016
validation,high_disagreement,conditional_max,structured,eed5d8cd391d1c31f166,45,45,0,0.8888888888888888,0.8888888888888888,0.4657894528222224
validation,high_disagreement,conditional_max,checklist,381b7085773cd92e0f81,45,45,0,0.9111111111111111,0.9111111111111111,0.5013222594888888
validation,high_disagreement,conditional_max,checklist,48ae00ade5da6db7eff9,45,45,0,0.8888888888888888,0.8888888888888888,0.16448304908888886
validation,high_disagreement,conditional_max,checklist,87e22e4dc6500fb855d5,30,30,0,0.8333333333333334,0.8333333333333334,0.7120731908000001
validation,high_disagreement,conditional_max,checklist,eed5d8cd391d1c31f166,45,45,0,0.9555555555555556,0.9555555555555556,0.08456382324444442
validation,high_disagreement,conditional_min,canonical,381b7085773cd92e0f81,45,45,0,0.9333333333333333,0.9333333333333333,1.1264977495777777
validation,high_disagreement,conditional_min,canonical,48ae00ade5da6db7eff9,45,45,0,0.8444444444444444,0.8444444444444444,1.7391657311777777
validation,high_disagreement,conditional_min,canonical,87e22e4dc6500fb855d5,30,30,0,0.9333333333333333,0.9333333333333333,1.0510245506
validation,high_disagreement,conditional_min,canonical,eed5d8cd391d1c31f166,45,45,0,0.8444444444444444,0.8444444444444444,0.7818874072444444
validation,high_disagreement,conditional_min,reversed,381b7085773cd92e0f81,45,45,0,0.8666666666666667,0.8666666666666667,0.5022029961999999
validation,high_disagreement,conditional_min,reversed,48ae00ade5da6db7eff9,45,45,0,0.7777777777777778,0.7777777777777778,1.0149081504222222
validation,high_disagreement,conditional_min,reversed,87e22e4dc6500fb855d5,30,30,0,0.8,0.8,2.4867482
validation,high_disagreement,conditional_min,reversed,eed5d8cd391d1c31f166,45,45,0,0.7111111111111111,0.7111111111111111,1.7694647472444445
validation,high_disagreement,conditional_min,shuffled,381b7085773cd92e0f81,45,45,0,0.8,0.8,1.6757887928888888
validation,high_disagreement,conditional_min,shuffled,48ae00ade5da6db7eff9,45,45,0,0.7111111111111111,0.7111111111111111,2.2280016981777777
validation,high_disagreement,conditional_min,shuffled,87e22e4dc6500fb855d5,30,30,0,0.6333333333333333,0.6333333333333333,4.599259043366668
validation,high_disagreement,conditional_min,shuffled,eed5d8cd391d1c31f166,45,45,0,0.6444444444444445,0.6444444444444445,3.2452930402
validation,high_disagreement,conditional_min,structured,381b7085773cd92e0f81,45,45,0,0.9111111111111111,0.9111111111111111,1.7321649240222223
validation,high_disagreement,conditional_min,structured,48ae00ade5da6db7eff9,45,45,0,0.8666666666666667,0.8666666666666667,2.7825478487555553
validation,high_disagreement,conditional_min,structured,87e22e4dc6500fb855d5,30,30,0,0.8333333333333334,0.8333333333333334,1.778182258666667
validation,high_disagreement,conditional_min,structured,eed5d8cd391d1c31f166,45,45,0,0.7555555555555555,0.7555555555555555,2.360919447377778
validation,high_disagreement,conditional_min,checklist,381b7085773cd92e0f81,45,45,0,0.9555555555555556,0.9555555555555556,0.32738123668888885
validation,high_disagreement,conditional_min,checklist,48ae00ade5da6db7eff9,45,45,0,0.8444444444444444,0.8444444444444444,1.7391657311777777
validation,high_disagreement,conditional_min,checklist,87e22e4dc6500fb855d5,30,30,0,0.9666666666666667,0.9666666666666667,0.0730787703333334
validation,high_disagreement,conditional_min,checklist,eed5d8cd391d1c31f166,45,45,0,0.8,0.8,0.9520029702666667
validation,random_order_augmentation,conditional_max,canonical,381b7085773cd92e0f81,45,45,0,0.9333333333333333,0.9333333333333333,0.18822847037777785
validation,random_order_augmentation,conditional_max,canonical,48ae00ade5da6db7eff9,45,45,0,0.8666666666666667,0.8666666666666667,0.19281055099999997
validation,random_order_augmentation,conditional_max,canonical,87e22e4dc6500fb855d5,30,30,0,0.8,0.8,1.1017709231333335
validation,random_order_augmentation,conditional_max,canonical,eed5d8cd391d1c31f166,45,45,0,0.9555555555555556,0.9555555555555556,0.018991705133333307
validation,random_order_augmentation,conditional_max,reversed,381b7085773cd92e0f81,45,45,0,0.8888888888888888,0.8888888888888888,1.0846947691111108
validation,random_order_augmentation,conditional_max,reversed,48ae00ade5da6db7eff9,45,45,0,0.8888888888888888,0.8888888888888888,1.1135406714222222
validation,random_order_augmentation,conditional_max,reversed,87e22e4dc6500fb855d5,30,30,0,0.8666666666666667,0.8666666666666667,1.4056961894333335
validation,random_order_augmentation,conditional_max,reversed,eed5d8cd391d1c31f166,45,45,0,0.8888888888888888,0.8888888888888888,0.3747672213333335
validation,random_order_augmentation,conditional_max,shuffled,381b7085773cd92e0f81,45,45,0,0.8,0.8,0.605868486088889
validation,random_order_augmentation,conditional_max,shuffled,48ae00ade5da6db7eff9,45,45,0,0.7777777777777778,0.7777777777777778,0.8428051836666671
validation,random_order_augmentation,conditional_max,shuffled,87e22e4dc6500fb855d5,30,30,0,0.7333333333333333,0.7333333333333333,1.6307697462666666
validation,random_order_augmentation,conditional_max,shuffled,eed5d8cd391d1c31f166,45,45,0,0.8,0.8,0.5261240494000006
validation,random_order_augmentation,conditional_max,structured,381b7085773cd92e0f81,45,45,0,0.8888888888888888,0.8888888888888888,0.2748896816222222
validation,random_order_augmentation,conditional_max,structured,48ae00ade5da6db7eff9,45,45,0,0.8666666666666667,0.8666666666666667,0.19281055099999997
validation,random_order_augmentation,conditional_max,structured,87e22e4dc6500fb855d5,30,30,0,0.7666666666666667,0.7666666666666667,1.4152819060000001
validation,random_order_augmentation,conditional_max,structured,eed5d8cd391d1c31f166,45,45,0,0.8888888888888888,0.8888888888888888,0.13838393780000016
validation,random_order_augmentation,conditional_max,checklist,381b7085773cd92e0f81,45,45,0,0.9111111111111111,0.9111111111111111,0.20935612326666664
validation,random_order_augmentation,conditional_max,checklist,48ae00ade5da6db7eff9,45,45,0,0.8666666666666667,0.8666666666666667,0.19281055099999997
validation,random_order_augmentation,conditional_max,checklist,87e22e4dc6500fb855d5,30,30,0,0.8333333333333334,0.8333333333333334,0.9552976778000001
validation,random_order_augmentation,conditional_max,checklist,eed5d8cd391d1c31f166,45,45,0,0.9555555555555556,0.9555555555555556,0.018991705133333307
validation,random_order_augmentation,conditional_min,canonical,381b7085773cd92e0f81,45,45,0,0.9333333333333333,0.9333333333333333,0.7026153142444446
validation,random_order_augmentation,conditional_min,canonical,48ae00ade5da6db7eff9,45,45,0,0.8666666666666667,0.8666666666666667,1.722272548044444
validation,random_order_augmentation,conditional_min,canonical,87e22e4dc6500fb855d5,30,30,0,0.9333333333333333,0.9333333333333333,0.09301135626666675
validation,random_order_augmentation,conditional_min,canonical,eed5d8cd391d1c31f166,45,45,0,0.7777777777777778,0.7777777777777778,0.5077981156222223
validation,random_order_augmentation,conditional_min,reversed,381b7085773cd92e0f81,45,45,0,0.8666666666666667,0.8666666666666667,0.6704634503999999
validation,random_order_augmentation,conditional_min,reversed,48ae00ade5da6db7eff9,45,45,0,0.7555555555555555,0.7555555555555555,1.2660028824444445
validation,random_order_augmentation,conditional_min,reversed,87e22e4dc6500fb855d5,30,30,0,0.6666666666666666,0.6666666666666666,5.749527480433334
validation,random_order_augmentation,conditional_min,reversed,eed5d8cd391d1c31f166,45,45,0,0.6666666666666666,0.6666666666666666,2.188721295466667
validation,random_order_augmentation,conditional_min,shuffled,381b7085773cd92e0f81,45,45,0,0.8222222222222222,0.8222222222222222,1.4967679515777779
validation,random_order_augmentation,conditional_min,shuffled,48ae00ade5da6db7eff9,45,45,0,0.6666666666666666,0.6666666666666666,3.1181953233999997
validation,random_order_augmentation,conditional_min,shuffled,87e22e4dc6500fb855d5,30,30,0,0.6333333333333333,0.6333333333333333,5.148203865699999
validation,random_order_augmentation,conditional_min,shuffled,eed5d8cd391d1c31f166,45,45,0,0.6888888888888889,0.6888888888888889,1.6372614252222222
validation,random_order_augmentation,conditional_min,structured,381b7085773cd92e0f81,45,45,0,0.9111111111111111,0.9111111111111111,1.1858965052444446
validation,random_order_augmentation,conditional_min,structured,48ae00ade5da6db7eff9,45,45,0,0.8666666666666667,0.8666666666666667,2.510833539355555
validation,random_order_augmentation,conditional_min,structured,87e22e4dc6500fb855d5,30,30,0,0.8333333333333334,0.8333333333333334,2.357510954666667
validation,random_order_augmentation,conditional_min,structured,eed5d8cd391d1c31f166,45,45,0,0.7333333333333333,0.7333333333333333,2.414342142466667
validation,random_order_augmentation,conditional_min,checklist,381b7085773cd92e0f81,45,45,0,0.9333333333333333,0.9333333333333333,0.7026153142444446
validation,random_order_augmentation,conditional_min,checklist,48ae00ade5da6db7eff9,45,45,0,0.8666666666666667,0.8666666666666667,1.722272548044444
validation,random_order_augmentation,conditional_min,checklist,87e22e4dc6500fb855d5,30,30,0,0.9,0.9,0.10428366406666674
validation,random_order_augmentation,conditional_min,checklist,eed5d8cd391d1c31f166,45,45,0,0.7333333333333333,0.7333333333333333,0.546257313577778
validation,hard_examples,conditional_max,canonical,381b7085773cd92e0f81,45,45,0,1.0,1.0,0.0
validation,hard_examples,conditional_max,canonical,48ae00ade5da6db7eff9,45,45,0,0.9555555555555556,0.9555555555555556,0.05528496422222228
validation,hard_examples,conditional_max,canonical,87e22e4dc6500fb855d5,30,30,0,0.9666666666666667,0.9666666666666667,0.004780936000000224
validation,hard_examples,conditional_max,canonical,eed5d8cd391d1c31f166,45,45,0,0.9777777777777777,0.9777777777777777,0.06666321155555563
validation,hard_examples,conditional_max,reversed,381b7085773cd92e0f81,45,45,0,0.9111111111111111,0.9111111111111111,0.2991815904444446
validation,hard_examples,conditional_max,reversed,48ae00ade5da6db7eff9,45,45,0,0.9555555555555556,0.9555555555555556,0.06226534875555559
validation,hard_examples,conditional_max,reversed,87e22e4dc6500fb855d5,30,30,0,0.9,0.9,0.35407039866666706
validation,hard_examples,conditional_max,reversed,eed5d8cd391d1c31f166,45,45,0,0.9333333333333333,0.9333333333333333,1.1824695476444442
validation,hard_examples,conditional_max,shuffled,381b7085773cd92e0f81,45,45,0,0.6888888888888889,0.6888888888888889,2.2298673948888887
validation,hard_examples,conditional_max,shuffled,48ae00ade5da6db7eff9,45,45,0,0.7555555555555555,0.7555555555555555,0.7044731921555554
validation,hard_examples,conditional_max,shuffled,87e22e4dc6500fb855d5,30,30,0,0.7666666666666667,0.7666666666666667,0.9223281032666668
validation,hard_examples,conditional_max,shuffled,eed5d8cd391d1c31f166,45,45,0,0.6222222222222222,0.6222222222222222,1.4690453596000004
validation,hard_examples,conditional_max,structured,381b7085773cd92e0f81,45,45,0,1.0,1.0,0.0
validation,hard_examples,conditional_max,structured,48ae00ade5da6db7eff9,45,45,0,0.9555555555555556,0.9555555555555556,0.07035521711111115
validation,hard_examples,conditional_max,structured,87e22e4dc6500fb855d5,30,30,0,0.9666666666666667,0.9666666666666667,0.004780936000000224
validation,hard_examples,conditional_max,structured,eed5d8cd391d1c31f166,45,45,0,0.9555555555555556,0.9555555555555556,0.0780167822222225
validation,hard_examples,conditional_max,checklist,381b7085773cd92e0f81,45,45,0,1.0,1.0,0.0
validation,hard_examples,conditional_max,checklist,48ae00ade5da6db7eff9,45,45,0,0.9777777777777777,0.9777777777777777,0.038825967333333246
validation,hard_examples,conditional_max,checklist,87e22e4dc6500fb855d5,30,30,0,0.9666666666666667,0.9666666666666667,0.004780936000000224
validation,hard_examples,conditional_max,checklist,eed5d8cd391d1c31f166,45,45,0,0.9555555555555556,0.9555555555555556,0.13645655080000008
validation,hard_examples,conditional_min,canonical,381b7085773cd92e0f81,45,45,0,0.9555555555555556,0.9555555555555556,0.9341312366
validation,hard_examples,conditional_min,canonical,48ae00ade5da6db7eff9,45,45,0,0.8444444444444444,0.8444444444444444,2.9643062969777776
validation,hard_examples,conditional_min,canonical,87e22e4dc6500fb855d5,30,30,0,0.9,0.9,1.0622968584
validation,hard_examples,conditional_min,canonical,eed5d8cd391d1c31f166,45,45,0,0.8,0.8,0.9082586182888889
validation,hard_examples,conditional_min,reversed,381b7085773cd92e0f81,45,45,0,0.8888888888888888,0.8888888888888888,0.43168306375555543
validation,hard_examples,conditional_min,reversed,48ae00ade5da6db7eff9,45,45,0,0.8222222222222222,0.8222222222222222,0.9755840888222224
validation,hard_examples,conditional_min,reversed,87e22e4dc6500fb855d5,30,30,0,0.8666666666666667,0.8666666666666667,1.0845397816666666
validation,hard_examples,conditional_min,reversed,eed5d8cd391d1c31f166,45,45,0,0.6444444444444445,0.6444444444444445,1.9604318681111113
validation,hard_examples,conditional_min,shuffled,381b7085773cd92e0f81,45,45,0,0.8,0.8,1.9870426257333333
validation,hard_examples,conditional_min,shuffled,48ae00ade5da6db7eff9,45,45,0,0.6,0.6,3.6458398515333337
validation,hard_examples,conditional_min,shuffled,87e22e4dc6500fb855d5,30,30,0,0.5333333333333333,0.5333333333333333,5.6994070961
validation,hard_examples,conditional_min,shuffled,eed5d8cd391d1c31f166,45,45,0,0.6444444444444445,0.6444444444444445,2.5823445058222223
validation,hard_examples,conditional_min,structured,381b7085773cd92e0f81,45,45,0,0.9555555555555556,0.9555555555555556,0.32738123668888885
validation,hard_examples,conditional_min,structured,48ae00ade5da6db7eff9,45,45,0,0.8222222222222222,0.8222222222222222,3.1593912225333334
validation,hard_examples,conditional_min,structured,87e22e4dc6500fb855d5,30,30,0,0.8666666666666667,0.8666666666666667,1.8259257786333334
validation,hard_examples,conditional_min,structured,eed5d8cd391d1c31f166,45,45,0,0.7333333333333333,0.7333333333333333,3.654232166177778
validation,hard_examples,conditional_min,checklist,381b7085773cd92e0f81,45,45,0,0.9777777777777777,0.9777777777777777,0.31981655555555555
validation,hard_examples,conditional_min,checklist,48ae00ade5da6db7eff9,45,45,0,0.8666666666666667,0.8666666666666667,1.955670838533333
validation,hard_examples,conditional_min,checklist,87e22e4dc6500fb855d5,30,30,0,0.9333333333333333,0.9333333333333333,0.031204893733333332
validation,hard_examples,conditional_min,checklist,eed5d8cd391d1c31f166,45,45,0,0.7777777777777778,0.7777777777777778,0.9281209387777778
test,uniform,conditional_max,canonical,64b99da60d41cbfc6805,45,45,0,0.9777777777777777,0.9777777777777777,0.07466947488888864
test,uniform,conditional_max,canonical,7cf2650b0850e4659034,45,45,0,0.9555555555555556,0.9555555555555556,0.042945950666666656
test,uniform,conditional_max,canonical,93f378d971e892c409b9,45,45,0,0.9555555555555556,0.9555555555555556,0.1384196824444443
test,uniform,conditional_max,canonical,f169b1b91fc20ddc37cf,45,45,0,0.9555555555555556,0.9555555555555556,0.0037448497555555298
test,uniform,conditional_max,reversed,64b99da60d41cbfc6805,45,45,0,0.9333333333333333,0.9333333333333333,0.7677866644444443
test,uniform,conditional_max,reversed,7cf2650b0850e4659034,45,45,0,0.9555555555555556,0.9555555555555556,0.09451041577777772
test,uniform,conditional_max,reversed,93f378d971e892c409b9,45,45,0,0.9555555555555556,0.9555555555555556,0.017162548777777776
test,uniform,conditional_max,reversed,f169b1b91fc20ddc37cf,45,45,0,0.9777777777777777,0.9777777777777777,0.01271219222222222
test,uniform,conditional_max,shuffled,64b99da60d41cbfc6805,45,45,0,0.7333333333333333,0.7333333333333333,1.0318047836
test,uniform,conditional_max,shuffled,7cf2650b0850e4659034,45,45,0,0.7777777777777778,0.7777777777777778,0.5242189419777775
test,uniform,conditional_max,shuffled,93f378d971e892c409b9,45,45,0,0.7777777777777778,0.7777777777777778,1.3448111990888887
test,uniform,conditional_max,shuffled,f169b1b91fc20ddc37cf,45,45,0,0.6444444444444445,0.6444444444444445,2.584009638666666
test,uniform,conditional_max,structured,64b99da60d41cbfc6805,45,45,0,0.9777777777777777,0.9777777777777777,2.5280444444319982e-05
test,uniform,conditional_max,structured,7cf2650b0850e4659034,45,45,0,0.9555555555555556,0.9555555555555556,0.0946634984444443
test,uniform,conditional_max,structured,93f378d971e892c409b9,45,45,0,0.9555555555555556,0.9555555555555556,0.1384196824444443
test,uniform,conditional_max,structured,f169b1b91fc20ddc37cf,45,45,0,0.9111111111111111,0.9111111111111111,0.1535006395333332
test,uniform,conditional_max,checklist,64b99da60d41cbfc6805,45,45,0,0.9777777777777777,0.9777777777777777,2.5280444444319982e-05
test,uniform,conditional_max,checklist,7cf2650b0850e4659034,45,45,0,0.9555555555555556,0.9555555555555556,0.042945950666666656
test,uniform,conditional_max,checklist,93f378d971e892c409b9,45,45,0,0.9333333333333333,0.9333333333333333,0.19183547511111096
test,uniform,conditional_max,checklist,f169b1b91fc20ddc37cf,45,45,0,0.9333333333333333,0.9333333333333333,0.07314063886666651
test,uniform,conditional_min,canonical,64b99da60d41cbfc6805,45,45,0,0.9555555555555556,0.9555555555555556,0.6387069871111108
test,uniform,conditional_min,canonical,7cf2650b0850e4659034,45,45,0,0.9777777777777777,0.9777777777777777,0.16441191044444448
test,uniform,conditional_min,canonical,93f378d971e892c409b9,45,45,0,0.9777777777777777,0.9777777777777777,0.10627908111111108
test,uniform,conditional_min,canonical,f169b1b91fc20ddc37cf,45,45,0,0.9777777777777777,0.9777777777777777,0.03417869488888891
test,uniform,conditional_min,reversed,64b99da60d41cbfc6805,45,45,0,0.8,0.8,1.2755630330444443
test,uniform,conditional_min,reversed,7cf2650b0850e4659034,45,45,0,0.8222222222222222,0.8222222222222222,0.6043597144666667
test,uniform,conditional_min,reversed,93f378d971e892c409b9,45,45,0,0.9111111111111111,0.9111111111111111,0.28541270166666666
test,uniform,conditional_min,reversed,f169b1b91fc20ddc37cf,45,45,0,0.8444444444444444,0.8444444444444444,1.4830373144222222
test,uniform,conditional_min,shuffled,64b99da60d41cbfc6805,45,45,0,0.7777777777777778,0.7777777777777778,3.1277267005333327
test,uniform,conditional_min,shuffled,7cf2650b0850e4659034,45,45,0,0.8444444444444444,0.8444444444444444,1.438814774288889
test,uniform,conditional_min,shuffled,93f378d971e892c409b9,45,45,0,0.8,0.8,1.1090977490222222
test,uniform,conditional_min,shuffled,f169b1b91fc20ddc37cf,45,45,0,0.8,0.8,0.5596599512666667
test,uniform,conditional_min,structured,64b99da60d41cbfc6805,45,45,0,0.8666666666666667,0.8666666666666667,2.3429216756444444
test,uniform,conditional_min,structured,7cf2650b0850e4659034,45,45,0,0.9555555555555556,0.9555555555555556,0.23388597488888893
test,uniform,conditional_min,structured,93f378d971e892c409b9,45,45,0,0.9555555555555556,0.9555555555555556,0.5360197066666667
test,uniform,conditional_min,structured,f169b1b91fc20ddc37cf,45,45,0,0.8666666666666667,0.8666666666666667,1.6159892213333333
test,uniform,conditional_min,checklist,64b99da60d41cbfc6805,45,45,0,0.9555555555555556,0.9555555555555556,0.3400073834222221
test,uniform,conditional_min,checklist,7cf2650b0850e4659034,45,45,0,0.9333333333333333,0.9333333333333333,0.27552654755555567
test,uniform,conditional_min,checklist,93f378d971e892c409b9,45,45,0,0.9555555555555556,0.9555555555555556,0.5372983160000001
test,uniform,conditional_min,checklist,f169b1b91fc20ddc37cf,45,45,0,0.9555555555555556,0.9555555555555556,0.07649878888888885
test,low_disagreement,conditional_max,canonical,64b99da60d41cbfc6805,45,45,0,0.9111111111111111,0.9111111111111111,0.18156288799999992
test,low_disagreement,conditional_max,canonical,7cf2650b0850e4659034,45,45,0,0.9111111111111111,0.9111111111111111,0.29601109666666664
test,low_disagreement,conditional_max,canonical,93f378d971e892c409b9,45,45,0,0.9555555555555556,0.9555555555555556,0.1384196824444443
test,low_disagreement,conditional_max,canonical,f169b1b91fc20ddc37cf,45,45,0,0.8222222222222222,0.8222222222222222,0.33066765813333354
test,low_disagreement,conditional_max,reversed,64b99da60d41cbfc6805,45,45,0,0.8444444444444444,0.8444444444444444,0.24961430635555526
test,low_disagreement,conditional_max,reversed,7cf2650b0850e4659034,45,45,0,0.9333333333333333,0.9333333333333333,0.12262678199999999
test,low_disagreement,conditional_max,reversed,93f378d971e892c409b9,45,45,0,0.9333333333333333,0.9333333333333333,0.022768183977777776
test,low_disagreement,conditional_max,reversed,f169b1b91fc20ddc37cf,45,45,0,0.8,0.8,1.3995550381555555
test,low_disagreement,conditional_max,shuffled,64b99da60d41cbfc6805,45,45,0,0.6222222222222222,0.6222222222222222,0.7045023850444443
test,low_disagreement,conditional_max,shuffled,7cf2650b0850e4659034,45,45,0,0.6222222222222222,0.6222222222222222,1.6348958543555552
test,low_disagreement,conditional_max,shuffled,93f378d971e892c409b9,45,45,0,0.7333333333333333,0.7333333333333333,1.642119122911111
test,low_disagreement,conditional_max,shuffled,f169b1b91fc20ddc37cf,45,45,0,0.5111111111111111,0.5111111111111111,3.2172450560444434
test,low_disagreement,conditional_max,structured,64b99da60d41cbfc6805,45,45,0,0.8888888888888888,0.8888888888888888,0.19968996057777785
test,low_disagreement,conditional_max,structured,7cf2650b0850e4659034,45,45,0,0.9111111111111111,0.9111111111111111,0.1929350304444443
test,low_disagreement,conditional_max,structured,93f378d971e892c409b9,45,45,0,0.9555555555555556,0.9555555555555556,0.1384196824444443
test,low_disagreement,conditional_max,structured,f169b1b91fc20ddc37cf,45,45,0,0.7555555555555555,0.7555555555555555,0.41683392588888873
test,low_disagreement,conditional_max,checklist,64b99da60d41cbfc6805,45,45,0,0.9111111111111111,0.9111111111111111,0.13509077266666686
test,low_disagreement,conditional_max,checklist,7cf2650b0850e4659034,45,45,0,0.9111111111111111,0.9111111111111111,0.29601109666666664
test,low_disagreement,conditional_max,checklist,93f378d971e892c409b9,45,45,0,0.9333333333333333,0.9333333333333333,0.17219124799999988
test,low_disagreement,conditional_max,checklist,f169b1b91fc20ddc37cf,45,45,0,0.8222222222222222,0.8222222222222222,0.33066765813333354
test,low_disagreement,conditional_min,canonical,64b99da60d41cbfc6805,45,45,0,0.9333333333333333,0.9333333333333333,1.112674786533333
test,low_disagreement,conditional_min,canonical,7cf2650b0850e4659034,45,45,0,0.9555555555555556,0.9555555555555556,0.43001826177777785
test,low_disagreement,conditional_min,canonical,93f378d971e892c409b9,45,45,0,0.9777777777777777,0.9777777777777777,0.10627908111111108
test,low_disagreement,conditional_min,canonical,f169b1b91fc20ddc37cf,45,45,0,0.9555555555555556,0.9555555555555556,0.616033399777778
test,low_disagreement,conditional_min,reversed,64b99da60d41cbfc6805,45,45,0,0.7777777777777778,0.7777777777777778,0.7714344846888888
test,low_disagreement,conditional_min,reversed,7cf2650b0850e4659034,45,45,0,0.8222222222222222,0.8222222222222222,0.6726068377777777
test,low_disagreement,conditional_min,reversed,93f378d971e892c409b9,45,45,0,0.8888888888888888,0.8888888888888888,0.18207057173333324
test,low_disagreement,conditional_min,reversed,f169b1b91fc20ddc37cf,45,45,0,0.8222222222222222,0.8222222222222222,0.3771469579111112
test,low_disagreement,conditional_min,shuffled,64b99da60d41cbfc6805,45,45,0,0.8,0.8,2.2431876732666667
test,low_disagreement,conditional_min,shuffled,7cf2650b0850e4659034,45,45,0,0.8222222222222222,0.8222222222222222,2.4993459789555557
test,low_disagreement,conditional_min,shuffled,93f378d971e892c409b9,45,45,0,0.8666666666666667,0.8666666666666667,0.3208337692444444
test,low_disagreement,conditional_min,shuffled,f169b1b91fc20ddc37cf,45,45,0,0.7555555555555555,0.7555555555555555,0.869449137688889
test,low_disagreement,conditional_min,structured,64b99da60d41cbfc6805,45,45,0,0.9333333333333333,0.9333333333333333,1.1289933468222222
test,low_disagreement,conditional_min,structured,7cf2650b0850e4659034,45,45,0,0.8888888888888888,0.8888888888888888,0.630572704688889
test,low_disagreement,conditional_min,structured,93f378d971e892c409b9,45,45,0,0.9333333333333333,0.9333333333333333,0.631991035511111
test,low_disagreement,conditional_min,structured,f169b1b91fc20ddc37cf,45,45,0,0.9333333333333333,0.9333333333333333,0.6745794199999999
test,low_disagreement,conditional_min,checklist,64b99da60d41cbfc6805,45,45,0,0.9111111111111111,0.9111111111111111,1.1603438746888888
test,low_disagreement,conditional_min,checklist,7cf2650b0850e4659034,45,45,0,0.9555555555555556,0.9555555555555556,0.43001826177777785
test,low_disagreement,conditional_min,checklist,93f378d971e892c409b9,45,45,0,0.9777777777777777,0.9777777777777777,0.10627908111111108
test,low_disagreement,conditional_min,checklist,f169b1b91fc20ddc37cf,45,45,0,0.9555555555555556,0.9555555555555556,0.12246475235555562
test,high_disagreement,conditional_max,canonical,64b99da60d41cbfc6805,45,45,0,0.9333333333333333,0.9333333333333333,0.11986181333333343
test,high_disagreement,conditional_max,canonical,7cf2650b0850e4659034,45,45,0,0.9333333333333333,0.9333333333333333,0.11275373622222212
test,high_disagreement,conditional_max,canonical,93f378d971e892c409b9,45,45,0,0.9777777777777777,0.9777777777777777,0.09434728533333328
test,high_disagreement,conditional_max,canonical,f169b1b91fc20ddc37cf,45,45,0,0.8666666666666667,0.8666666666666667,0.13215929366666668
test,high_disagreement,conditional_max,reversed,64b99da60d41cbfc6805,45,45,0,0.8666666666666667,0.8666666666666667,0.3412930703999996
test,high_disagreement,conditional_max,reversed,7cf2650b0850e4659034,45,45,0,0.8666666666666667,0.8666666666666667,0.3411102279777776
test,high_disagreement,conditional_max,reversed,93f378d971e892c409b9,45,45,0,0.7555555555555555,0.7555555555555555,1.0676500955555555
test,high_disagreement,conditional_max,reversed,f169b1b91fc20ddc37cf,45,45,0,0.7555555555555555,0.7555555555555555,1.4088343028
test,high_disagreement,conditional_max,shuffled,64b99da60d41cbfc6805,45,45,0,0.6666666666666666,0.6666666666666666,1.7766681520222225
test,high_disagreement,conditional_max,shuffled,7cf2650b0850e4659034,45,45,0,0.6666666666666666,0.6666666666666666,1.299045119222222
test,high_disagreement,conditional_max,shuffled,93f378d971e892c409b9,45,45,0,0.7111111111111111,0.7111111111111111,1.5939132495777775
test,high_disagreement,conditional_max,shuffled,f169b1b91fc20ddc37cf,45,45,0,0.5111111111111111,0.5111111111111111,3.3138404555999994
test,high_disagreement,conditional_max,structured,64b99da60d41cbfc6805,45,45,0,0.8666666666666667,0.8666666666666667,0.1216463265111111
test,high_disagreement,conditional_max,structured,7cf2650b0850e4659034,45,45,0,0.9555555555555556,0.9555555555555556,0.07002911222222205
test,high_disagreement,conditional_max,structured,93f378d971e892c409b9,45,45,0,0.9555555555555556,0.9555555555555556,0.08072785806666682
test,high_disagreement,conditional_max,structured,f169b1b91fc20ddc37cf,45,45,0,0.8666666666666667,0.8666666666666667,0.18281467855555564
test,high_disagreement,conditional_max,checklist,64b99da60d41cbfc6805,45,45,0,0.9111111111111111,0.9111111111111111,0.1538246060000001
test,high_disagreement,conditional_max,checklist,7cf2650b0850e4659034,45,45,0,0.9333333333333333,0.9333333333333333,0.11275373622222212
test,high_disagreement,conditional_max,checklist,93f378d971e892c409b9,45,45,0,0.9777777777777777,0.9777777777777777,0.09434728533333328
test,high_disagreement,conditional_max,checklist,f169b1b91fc20ddc37cf,45,45,0,0.8666666666666667,0.8666666666666667,0.13215929366666668
test,high_disagreement,conditional_min,canonical,64b99da60d41cbfc6805,45,45,0,0.9111111111111111,0.9111111111111111,2.450032835555555
test,high_disagreement,conditional_min,canonical,7cf2650b0850e4659034,45,45,0,0.9555555555555556,0.9555555555555556,0.43631783244444455
test,high_disagreement,conditional_min,canonical,93f378d971e892c409b9,45,45,0,0.9777777777777777,0.9777777777777777,0.10627908111111108
test,high_disagreement,conditional_min,canonical,f169b1b91fc20ddc37cf,45,45,0,0.9555555555555556,0.9555555555555556,0.5683983204444446
test,high_disagreement,conditional_min,reversed,64b99da60d41cbfc6805,45,45,0,0.8888888888888888,0.8888888888888888,0.3875730256222222
test,high_disagreement,conditional_min,reversed,7cf2650b0850e4659034,45,45,0,0.8222222222222222,0.8222222222222222,1.551442664222222
test,high_disagreement,conditional_min,reversed,93f378d971e892c409b9,45,45,0,0.9111111111111111,0.9111111111111111,0.28541270166666666
test,high_disagreement,conditional_min,reversed,f169b1b91fc20ddc37cf,45,45,0,0.9111111111111111,0.9111111111111111,0.2866896362
test,high_disagreement,conditional_min,shuffled,64b99da60d41cbfc6805,45,45,0,0.8,0.8,1.9407012215555555
test,high_disagreement,conditional_min,shuffled,7cf2650b0850e4659034,45,45,0,0.8222222222222222,0.8222222222222222,1.631060176511111
test,high_disagreement,conditional_min,shuffled,93f378d971e892c409b9,45,45,0,0.8666666666666667,0.8666666666666667,0.3208337692444444
test,high_disagreement,conditional_min,shuffled,f169b1b91fc20ddc37cf,45,45,0,0.7555555555555555,0.7555555555555555,0.8975515492444444
test,high_disagreement,conditional_min,structured,64b99da60d41cbfc6805,45,45,0,0.9111111111111111,0.9111111111111111,1.8388641028888888
test,high_disagreement,conditional_min,structured,7cf2650b0850e4659034,45,45,0,0.9111111111111111,0.9111111111111111,0.5343402864444445
test,high_disagreement,conditional_min,structured,93f378d971e892c409b9,45,45,0,0.8888888888888888,0.8888888888888888,1.3289949837777777
test,high_disagreement,conditional_min,structured,f169b1b91fc20ddc37cf,45,45,0,0.8888888888888888,0.8888888888888888,0.7467161082222222
test,high_disagreement,conditional_min,checklist,64b99da60d41cbfc6805,45,45,0,0.9333333333333333,0.9333333333333333,1.528921824222222
test,high_disagreement,conditional_min,checklist,7cf2650b0850e4659034,45,45,0,0.9333333333333333,0.9333333333333333,0.505791896888889
test,high_disagreement,conditional_min,checklist,93f378d971e892c409b9,45,45,0,0.9777777777777777,0.9777777777777777,0.10627908111111108
test,high_disagreement,conditional_min,checklist,f169b1b91fc20ddc37cf,45,45,0,0.9777777777777777,0.9777777777777777,0.0818137742222223
test,random_order_augmentation,conditional_max,canonical,64b99da60d41cbfc6805,45,45,0,0.7555555555555555,0.7555555555555555,0.7465588368000002
test,random_order_augmentation,conditional_max,canonical,7cf2650b0850e4659034,45,45,0,0.8888888888888888,0.8888888888888888,0.34705598197777754
test,random_order_augmentation,conditional_max,canonical,93f378d971e892c409b9,45,45,0,0.9555555555555556,0.9555555555555556,0.04728794266666685
test,random_order_augmentation,conditional_max,canonical,f169b1b91fc20ddc37cf,45,45,0,0.8666666666666667,0.8666666666666667,0.2264505865555555
test,random_order_augmentation,conditional_max,reversed,64b99da60d41cbfc6805,45,45,0,0.9111111111111111,0.9111111111111111,0.13704563135555528
test,random_order_augmentation,conditional_max,reversed,7cf2650b0850e4659034,45,45,0,0.8444444444444444,0.8444444444444444,0.3154627697555555
test,random_order_augmentation,conditional_max,reversed,93f378d971e892c409b9,45,45,0,0.7111111111111111,0.7111111111111111,1.2567416739999995
test,random_order_augmentation,conditional_max,reversed,f169b1b91fc20ddc37cf,45,45,0,0.6666666666666666,0.6666666666666666,1.3769611775555555
test,random_order_augmentation,conditional_max,shuffled,64b99da60d41cbfc6805,45,45,0,0.6666666666666666,0.6666666666666666,0.7889687308888887
test,random_order_augmentation,conditional_max,shuffled,7cf2650b0850e4659034,45,45,0,0.8,0.8,0.5890319671777775
test,random_order_augmentation,conditional_max,shuffled,93f378d971e892c409b9,45,45,0,0.8666666666666667,0.8666666666666667,0.46541566939999957
test,random_order_augmentation,conditional_max,shuffled,f169b1b91fc20ddc37cf,45,45,0,0.6444444444444445,0.6444444444444445,1.6513706523555551
test,random_order_augmentation,conditional_max,structured,64b99da60d41cbfc6805,45,45,0,0.6888888888888889,0.6888888888888889,0.7531378103111113
test,random_order_augmentation,conditional_max,structured,7cf2650b0850e4659034,45,45,0,0.8888888888888888,0.8888888888888888,0.41598491288888856
test,random_order_augmentation,conditional_max,structured,93f378d971e892c409b9,45,45,0,0.9333333333333333,0.9333333333333333,0.09136033977777787
test,random_order_augmentation,conditional_max,structured,f169b1b91fc20ddc37cf,45,45,0,0.8222222222222222,0.8222222222222222,0.3365342283333335
test,random_order_augmentation,conditional_max,checklist,64b99da60d41cbfc6805,45,45,0,0.8,0.8,0.6292490239111111
test,random_order_augmentation,conditional_max,checklist,7cf2650b0850e4659034,45,45,0,0.9111111111111111,0.9111111111111111,0.23281468886666642
test,random_order_augmentation,conditional_max,checklist,93f378d971e892c409b9,45,45,0,0.9555555555555556,0.9555555555555556,0.04728794266666685
test,random_order_augmentation,conditional_max,checklist,f169b1b91fc20ddc37cf,45,45,0,0.9111111111111111,0.9111111111111111,0.19386528524444446
test,random_order_augmentation,conditional_min,canonical,64b99da60d41cbfc6805,45,45,0,0.9333333333333333,0.9333333333333333,1.1289933468222222
test,random_order_augmentation,conditional_min,canonical,7cf2650b0850e4659034,45,45,0,0.9111111111111111,0.9111111111111111,0.5343402864444445
test,random_order_augmentation,conditional_min,canonical,93f378d971e892c409b9,45,45,0,0.9777777777777777,0.9777777777777777,0.10627908111111108
test,random_order_augmentation,conditional_min,canonical,f169b1b91fc20ddc37cf,45,45,0,0.9555555555555556,0.9555555555555556,0.616033399777778
test,random_order_augmentation,conditional_min,reversed,64b99da60d41cbfc6805,45,45,0,0.7777777777777778,0.7777777777777778,1.1668758017999998
test,random_order_augmentation,conditional_min,reversed,7cf2650b0850e4659034,45,45,0,0.7777777777777778,0.7777777777777778,1.5812179949111111
test,random_order_augmentation,conditional_min,reversed,93f378d971e892c409b9,45,45,0,0.8888888888888888,0.8888888888888888,0.2967543499333333
test,random_order_augmentation,conditional_min,reversed,f169b1b91fc20ddc37cf,45,45,0,0.8444444444444444,0.8444444444444444,0.5276382173111112
test,random_order_augmentation,conditional_min,shuffled,64b99da60d41cbfc6805,45,45,0,0.7555555555555555,0.7555555555555555,2.8166880959777774
test,random_order_augmentation,conditional_min,shuffled,7cf2650b0850e4659034,45,45,0,0.8888888888888888,0.8888888888888888,0.6114074878444445
test,random_order_augmentation,conditional_min,shuffled,93f378d971e892c409b9,45,45,0,0.8,0.8,0.4013739251111111
test,random_order_augmentation,conditional_min,shuffled,f169b1b91fc20ddc37cf,45,45,0,0.7555555555555555,0.7555555555555555,2.1663686547333336
test,random_order_augmentation,conditional_min,structured,64b99da60d41cbfc6805,45,45,0,0.8888888888888888,0.8888888888888888,1.461740006333333
test,random_order_augmentation,conditional_min,structured,7cf2650b0850e4659034,45,45,0,0.8888888888888888,0.8888888888888888,1.455386896888889
test,random_order_augmentation,conditional_min,structured,93f378d971e892c409b9,45,45,0,0.9555555555555556,0.9555555555555556,0.16987795306666664
test,random_order_augmentation,conditional_min,structured,f169b1b91fc20ddc37cf,45,45,0,0.9111111111111111,0.9111111111111111,0.29184906755555573
test,random_order_augmentation,conditional_min,checklist,64b99da60d41cbfc6805,45,45,0,0.9111111111111111,0.9111111111111111,1.1721535241555556
test,random_order_augmentation,conditional_min,checklist,7cf2650b0850e4659034,45,45,0,0.9111111111111111,0.9111111111111111,0.5343402864444445
test,random_order_augmentation,conditional_min,checklist,93f378d971e892c409b9,45,45,0,0.9777777777777777,0.9777777777777777,0.10627908111111108
test,random_order_augmentation,conditional_min,checklist,f169b1b91fc20ddc37cf,45,45,0,0.9333333333333333,0.9333333333333333,0.6325593075555558
test,hard_examples,conditional_max,canonical,64b99da60d41cbfc6805,45,45,0,0.9555555555555556,0.9555555555555556,0.09877099777777781
test,hard_examples,conditional_max,canonical,7cf2650b0850e4659034,45,45,0,0.9555555555555556,0.9555555555555556,0.07002911222222205
test,hard_examples,conditional_max,canonical,93f378d971e892c409b9,45,45,0,0.9555555555555556,0.9555555555555556,0.14776307799999996
test,hard_examples,conditional_max,canonical,f169b1b91fc20ddc37cf,45,45,0,0.9777777777777777,0.9777777777777777,0.04277210244444439
test,hard_examples,conditional_max,reversed,64b99da60d41cbfc6805,45,45,0,0.8888888888888888,0.8888888888888888,0.14531747135555526
test,hard_examples,conditional_max,reversed,7cf2650b0850e4659034,45,45,0,0.9777777777777777,0.9777777777777777,0.04272462400000007
test,hard_examples,conditional_max,reversed,93f378d971e892c409b9,45,45,0,0.9333333333333333,0.9333333333333333,0.022768183977777776
test,hard_examples,conditional_max,reversed,f169b1b91fc20ddc37cf,45,45,0,0.8444444444444444,0.8444444444444444,1.0052263745999999
test,hard_examples,conditional_max,shuffled,64b99da60d41cbfc6805,45,45,0,0.7333333333333333,0.7333333333333333,1.694350180577778
test,hard_examples,conditional_max,shuffled,7cf2650b0850e4659034,45,45,0,0.6666666666666666,0.6666666666666666,1.3480149188666666
test,hard_examples,conditional_max,shuffled,93f378d971e892c409b9,45,45,0,0.6888888888888889,0.6888888888888889,1.8052607466666661
test,hard_examples,conditional_max,shuffled,f169b1b91fc20ddc37cf,45,45,0,0.5111111111111111,0.5111111111111111,3.023874333777777
test,hard_examples,conditional_max,structured,64b99da60d41cbfc6805,45,45,0,0.9555555555555556,0.9555555555555556,0.0325492262222222
test,hard_examples,conditional_max,structured,7cf2650b0850e4659034,45,45,0,0.9555555555555556,0.9555555555555556,0.07002911222222205
test,hard_examples,conditional_max,structured,93f378d971e892c409b9,45,45,0,0.9555555555555556,0.9555555555555556,0.1384196824444443
test,hard_examples,conditional_max,structured,f169b1b91fc20ddc37cf,45,45,0,0.9333333333333333,0.9333333333333333,0.13147637200000004
test,hard_examples,conditional_max,checklist,64b99da60d41cbfc6805,45,45,0,0.9555555555555556,0.9555555555555556,0.09877099777777781
test,hard_examples,conditional_max,checklist,7cf2650b0850e4659034,45,45,0,0.9555555555555556,0.9555555555555556,0.07002911222222205
test,hard_examples,conditional_max,checklist,93f378d971e892c409b9,45,45,0,0.9555555555555556,0.9555555555555556,0.14776307799999996
test,hard_examples,conditional_max,checklist,f169b1b91fc20ddc37cf,45,45,0,0.9555555555555556,0.9555555555555556,0.07864561577777777
test,hard_examples,conditional_min,canonical,64b99da60d41cbfc6805,45,45,0,0.9555555555555556,0.9555555555555556,1.2297678668888885
test,hard_examples,conditional_min,canonical,7cf2650b0850e4659034,45,45,0,0.9777777777777777,0.9777777777777777,0.06947406444444447
test,hard_examples,conditional_min,canonical,93f378d971e892c409b9,45,45,0,0.9777777777777777,0.9777777777777777,0.10627908111111108
test,hard_examples,conditional_min,canonical,f169b1b91fc20ddc37cf,45,45,0,0.9777777777777777,0.9777777777777777,0.5342196255555558
test,hard_examples,conditional_min,reversed,64b99da60d41cbfc6805,45,45,0,0.8444444444444444,0.8444444444444444,0.5989616845111111
test,hard_examples,conditional_min,reversed,7cf2650b0850e4659034,45,45,0,0.8444444444444444,0.8444444444444444,0.41158045817777783
test,hard_examples,conditional_min,reversed,93f378d971e892c409b9,45,45,0,0.9333333333333333,0.9333333333333333,0.1257427438444444
test,hard_examples,conditional_min,reversed,f169b1b91fc20ddc37cf,45,45,0,0.8888888888888888,0.8888888888888888,0.19836331280000005
test,hard_examples,conditional_min,shuffled,64b99da60d41cbfc6805,45,45,0,0.7555555555555555,0.7555555555555555,2.922452832555556
test,hard_examples,conditional_min,shuffled,7cf2650b0850e4659034,45,45,0,0.8666666666666667,0.8666666666666667,1.5182542298444446
test,hard_examples,conditional_min,shuffled,93f378d971e892c409b9,45,45,0,0.8444444444444444,0.8444444444444444,0.3397074892444444
test,hard_examples,conditional_min,shuffled,f169b1b91fc20ddc37cf,45,45,0,0.7555555555555555,0.7555555555555555,1.2187972768222222
test,hard_examples,conditional_min,structured,64b99da60d41cbfc6805,45,45,0,0.8666666666666667,0.8666666666666667,2.8241910422222216
test,hard_examples,conditional_min,structured,7cf2650b0850e4659034,45,45,0,0.9333333333333333,0.9333333333333333,0.4585666513333334
test,hard_examples,conditional_min,structured,93f378d971e892c409b9,45,45,0,1.0,1.0,0.0
test,hard_examples,conditional_min,structured,f169b1b91fc20ddc37cf,45,45,0,0.9555555555555556,0.9555555555555556,0.969002989111111
test,hard_examples,conditional_min,checklist,64b99da60d41cbfc6805,45,45,0,0.9333333333333333,0.9333333333333333,1.2774369550444442
test,hard_examples,conditional_min,checklist,7cf2650b0850e4659034,45,45,0,0.9777777777777777,0.9777777777777777,0.06947406444444447
test,hard_examples,conditional_min,checklist,93f378d971e892c409b9,45,45,0,0.9777777777777777,0.9777777777777777,0.10627908111111108
test,hard_examples,conditional_min,checklist,f169b1b91fc20ddc37cf,45,45,0,0.9333333333333333,0.9333333333333333,1.1401930957777782
