split,arm,objective,variant,attempted,valid,invalid,conditional_accuracy,all_attempt_accuracy,mean_regret_pp_valid,mean_input_tokens,mean_output_tokens
validation,base,conditional_max,canonical,165,165,0,0.8484848484848485,0.8484848484848485,0.6632845830909091,2282.042424242424,6.0
validation,base,conditional_max,reversed,165,165,0,0.8363636363636363,0.8363636363636363,1.0619475071151516,2282.042424242424,6.0
validation,base,conditional_max,shuffled,165,165,0,0.6545454545454545,0.6545454545454545,1.8034795248969695,2282.042424242424,6.0
validation,base,conditional_max,structured,165,165,0,0.8242424242424242,0.8242424242424242,0.6568593483636365,2162.042424242424,6.0
validation,base,conditional_max,checklist,165,165,0,0.8363636363636363,0.8363636363636363,0.686154159939394,2292.042424242424,6.0
validation,base,conditional_min,canonical,165,165,0,0.8363636363636363,0.8363636363636363,1.0488123477636364,2282.042424242424,6.0
validation,base,conditional_min,reversed,165,165,0,0.7757575757575758,0.7757575757575758,1.804280305521212,2282.042424242424,6.0
validation,base,conditional_min,shuffled,165,165,0,0.6363636363636364,0.6363636363636364,3.224975616969697,2282.042424242424,6.0
validation,base,conditional_min,structured,165,165,0,0.8363636363636363,0.8363636363636363,2.079428806193939,2162.042424242424,6.0
validation,base,conditional_min,checklist,165,165,0,0.8303030303030303,0.8303030303030303,1.217958154139394,2292.042424242424,6.0
validation,uniform,conditional_max,canonical,165,165,0,0.9696969696969697,0.9696969696969697,0.03611486078787878,2282.042424242424,6.0
validation,uniform,conditional_max,reversed,165,165,0,0.9454545454545454,0.9454545454545454,0.3474086382909092,2282.042424242424,6.0
validation,uniform,conditional_max,shuffled,165,165,0,0.696969696969697,0.696969696969697,1.5499080685939395,2282.042424242424,6.0
validation,uniform,conditional_max,structured,165,165,0,0.9696969696969697,0.9696969696969697,0.030910560909090865,2162.042424242424,6.0
validation,uniform,conditional_max,checklist,165,165,0,0.9575757575757575,0.9575757575757575,0.06091149500606057,2292.042424242424,6.0
validation,uniform,conditional_min,canonical,165,165,0,0.9090909090909091,0.9090909090909091,0.39360613162424246,2282.042424242424,6.0
validation,uniform,conditional_min,reversed,165,165,0,0.8303030303030303,0.8303030303030303,0.7588981298848484,2282.042424242424,6.0
validation,uniform,conditional_min,shuffled,165,165,0,0.7212121212121212,0.7212121212121212,2.3800016782727274,2282.042424242424,6.0
validation,uniform,conditional_min,structured,165,165,0,0.8727272727272727,0.8727272727272727,1.7745217152545454,2162.042424242424,6.0
validation,uniform,conditional_min,checklist,165,165,0,0.9272727272727272,0.9272727272727272,0.15301219899393942,2292.042424242424,6.0
validation,low_disagreement,conditional_max,canonical,165,165,0,0.9272727272727272,0.9272727272727272,0.2363524775818182,2282.042424242424,6.0
validation,low_disagreement,conditional_max,reversed,165,165,0,0.8909090909090909,0.8909090909090909,0.5620590435030304,2282.042424242424,6.0
validation,low_disagreement,conditional_max,shuffled,165,165,0,0.6484848484848484,0.6484848484848484,1.891005035981818,2282.042424242424,6.0
validation,low_disagreement,conditional_max,structured,165,165,0,0.896969696969697,0.896969696969697,0.2383689139515152,2162.042424242424,6.0
validation,low_disagreement,conditional_max,checklist,165,165,0,0.9212121212121213,0.9212121212121213,0.2952948751757576,2292.042424242424,6.0
validation,low_disagreement,conditional_min,canonical,165,165,0,0.8666666666666667,0.8666666666666667,1.0202309332969697,2282.042424242424,6.0
validation,low_disagreement,conditional_min,reversed,165,165,0,0.793939393939394,0.793939393939394,1.1243600983151516,2282.042424242424,6.0
validation,low_disagreement,conditional_min,shuffled,165,165,0,0.696969696969697,0.696969696969697,2.5451652723878784,2282.042424242424,6.0
validation,low_disagreement,conditional_min,structured,165,165,0,0.8363636363636363,0.8363636363636363,1.9791114581696971,2162.042424242424,6.0
validation,low_disagreement,conditional_min,checklist,165,165,0,0.8848484848484849,0.8848484848484849,0.45759182646060614,2292.042424242424,6.0
validation,high_disagreement,conditional_max,canonical,165,165,0,0.9090909090909091,0.9090909090909091,0.3150794326666666,2282.042424242424,6.0
validation,high_disagreement,conditional_max,reversed,165,165,0,0.8727272727272727,0.8727272727272727,0.9661578831818183,2282.042424242424,6.0
validation,high_disagreement,conditional_max,shuffled,165,165,0,0.7090909090909091,0.7090909090909091,1.2937582116484847,2282.042424242424,6.0
validation,high_disagreement,conditional_max,structured,165,165,0,0.8909090909090909,0.8909090909090909,0.30358872080606064,2162.042424242424,6.0
validation,high_disagreement,conditional_max,checklist,165,165,0,0.9030303030303031,0.9030303030303031,0.3341139797333333,2292.042424242424,6.0
validation,high_disagreement,conditional_min,canonical,165,165,0,0.8848484848484849,0.8848484848484849,1.1858819786545454,2282.042424242424,6.0
validation,high_disagreement,conditional_min,reversed,165,165,0,0.7878787878787878,0.7878787878787878,1.348474916509091,2282.042424242424,6.0
validation,high_disagreement,conditional_min,shuffled,165,165,0,0.703030303030303,0.703030303030303,2.7859789709575757,2282.042424242424,6.0
validation,high_disagreement,conditional_min,structured,165,165,0,0.8424242424242424,0.8424242424242424,2.198478288890909,2162.042424242424,6.0
validation,high_disagreement,conditional_min,checklist,165,165,0,0.8848484848484849,0.8848484848484849,0.8365279413696969,2292.042424242424,6.0
validation,random_order_augmentation,conditional_max,canonical,165,165,0,0.896969696969697,0.896969696969697,0.30942127507272726,2282.042424242424,6.0
validation,random_order_augmentation,conditional_max,reversed,165,165,0,0.8848484848484849,0.8848484848484849,0.9573091240424243,2282.042424242424,6.0
validation,random_order_augmentation,conditional_max,shuffled,165,165,0,0.7818181818181819,0.7818181818181819,0.8350847863636366,2282.042424242424,6.0
validation,random_order_augmentation,conditional_max,structured,165,165,0,0.8606060606060606,0.8606060606060606,0.4226196657515152,2162.042424242424,6.0
validation,random_order_augmentation,conditional_max,checklist,165,165,0,0.896969696969697,0.896969696969697,0.28855186307272723,2292.042424242424,6.0
validation,random_order_augmentation,conditional_min,canonical,165,165,0,0.8727272727272727,0.8727272727272727,0.8167346042060606,2282.042424242424,6.0
validation,random_order_augmentation,conditional_min,reversed,165,165,0,0.7454545454545455,0.7454545454545455,2.1704198041636364,2282.042424242424,6.0
validation,random_order_augmentation,conditional_min,shuffled,165,165,0,0.7090909090909091,0.7090909090909091,2.6411892574545455,2282.042424242424,6.0
validation,random_order_augmentation,conditional_min,structured,165,165,0,0.8363636363636363,0.8363636363636363,2.0952944064121213,2162.042424242424,6.0
validation,random_order_augmentation,conditional_min,checklist,165,165,0,0.8545454545454545,0.8545454545454545,0.8292729868848486,2292.042424242424,6.0
validation,hard_examples,conditional_max,canonical,165,165,0,0.9757575757575757,0.9757575757575757,0.03412785448484856,2282.042424242424,6.0
validation,hard_examples,conditional_max,reversed,165,165,0,0.9272727272727272,0.9272727272727272,0.4854445688969698,2282.042424242424,6.0
validation,hard_examples,conditional_max,shuffled,165,165,0,0.703030303030303,0.703030303030303,1.368619458769697,2282.042424242424,6.0
validation,hard_examples,conditional_max,structured,165,165,0,0.9696969696969697,0.9696969696969697,0.041334351818181944,2162.042424242424,6.0
validation,hard_examples,conditional_max,checklist,165,165,0,0.9757575757575757,0.9757575757575757,0.04867358421818185,2292.042424242424,6.0
validation,hard_examples,conditional_min,canonical,165,165,0,0.8727272727272727,0.8727272727272727,1.5040620156727273,2282.042424242424,6.0
validation,hard_examples,conditional_min,reversed,165,165,0,0.8,0.8,1.115652420490909,2282.042424242424,6.0
validation,hard_examples,conditional_min,shuffled,165,165,0,0.6545454545454545,0.6545454545454545,3.2767722855878785,2282.042424242424,6.0
validation,hard_examples,conditional_min,structured,165,165,0,0.8424242424242424,0.8424242424242424,2.2795332212242427,2162.042424242424,6.0
validation,hard_examples,conditional_min,checklist,165,165,0,0.8848484848484849,0.8848484848484849,0.8793849805515151,2292.042424242424,6.0
test,uniform,conditional_max,canonical,180,180,0,0.9611111111111111,0.9611111111111111,0.06494498943888878,2302.9666666666667,6.0
test,uniform,conditional_max,reversed,180,180,0,0.9555555555555556,0.9555555555555556,0.2230429553055555,2302.9666666666667,6.0
test,uniform,conditional_max,shuffled,180,180,0,0.7333333333333333,0.7333333333333333,1.3712111408333332,2302.9666666666667,6.0
test,uniform,conditional_max,structured,180,180,0,0.95,0.95,0.09665227521666651,2182.9666666666667,6.0
test,uniform,conditional_max,checklist,180,180,0,0.95,0.95,0.07698683627222211,2312.9666666666667,6.0
test,uniform,conditional_min,canonical,180,180,0,0.9722222222222222,0.9722222222222222,0.23589416838888883,2302.9666666666667,6.0
test,uniform,conditional_min,reversed,180,180,0,0.8444444444444444,0.8444444444444444,0.9120931908999999,2302.9666666666667,6.0
test,uniform,conditional_min,shuffled,180,180,0,0.8055555555555556,0.8055555555555556,1.5588247937777777,2302.9666666666667,6.0
test,uniform,conditional_min,structured,180,180,0,0.9111111111111111,0.9111111111111111,1.1822041446333333,2182.9666666666667,6.0
test,uniform,conditional_min,checklist,180,180,0,0.95,0.95,0.3073327589666667,2312.9666666666667,6.0
test,low_disagreement,conditional_max,canonical,180,180,0,0.9,0.9,0.23666533131111112,2302.9666666666667,6.0
test,low_disagreement,conditional_max,reversed,180,180,0,0.8777777777777778,0.8777777777777778,0.4486410776222221,2302.9666666666667,6.0
test,low_disagreement,conditional_max,shuffled,180,180,0,0.6222222222222222,0.6222222222222222,1.7996906045888885,2302.9666666666667,6.0
test,low_disagreement,conditional_max,structured,180,180,0,0.8777777777777778,0.8777777777777778,0.2369696498388888,2182.9666666666667,6.0
test,low_disagreement,conditional_max,checklist,180,180,0,0.8944444444444445,0.8944444444444445,0.23349019386666675,2312.9666666666667,6.0
test,low_disagreement,conditional_min,canonical,180,180,0,0.9555555555555556,0.9555555555555556,0.5662513823,2302.9666666666667,6.0
test,low_disagreement,conditional_min,reversed,180,180,0,0.8277777777777777,0.8277777777777777,0.5008147130277777,2302.9666666666667,6.0
test,low_disagreement,conditional_min,shuffled,180,180,0,0.8111111111111111,0.8111111111111111,1.4832041397888889,2302.9666666666667,6.0
test,low_disagreement,conditional_min,structured,180,180,0,0.9222222222222223,0.9222222222222223,0.7665341267555555,2182.9666666666667,6.0
test,low_disagreement,conditional_min,checklist,180,180,0,0.95,0.95,0.4547764924833333,2312.9666666666667,6.0
test,high_disagreement,conditional_max,canonical,180,180,0,0.9277777777777778,0.9277777777777778,0.11478053213888888,2302.9666666666667,6.0
test,high_disagreement,conditional_max,reversed,180,180,0,0.8111111111111111,0.8111111111111111,0.7897219241833333,2302.9666666666667,6.0
test,high_disagreement,conditional_max,shuffled,180,180,0,0.6388888888888888,0.6388888888888888,1.9958667441055553,2302.9666666666667,6.0
test,high_disagreement,conditional_max,structured,180,180,0,0.9111111111111111,0.9111111111111111,0.11380449383888891,2182.9666666666667,6.0
test,high_disagreement,conditional_max,checklist,180,180,0,0.9222222222222223,0.9222222222222223,0.12327123030555555,2312.9666666666667,6.0
test,high_disagreement,conditional_min,canonical,180,180,0,0.95,0.95,0.8902570173888888,2302.9666666666667,6.0
test,high_disagreement,conditional_min,reversed,180,180,0,0.8833333333333333,0.8833333333333333,0.6277795069277777,2302.9666666666667,6.0
test,high_disagreement,conditional_min,shuffled,180,180,0,0.8111111111111111,0.8111111111111111,1.1975366791388888,2302.9666666666667,6.0
test,high_disagreement,conditional_min,structured,180,180,0,0.9,0.9,1.1122288703333334,2182.9666666666667,6.0
test,high_disagreement,conditional_min,checklist,180,180,0,0.9555555555555556,0.9555555555555556,0.5557016441111111,2312.9666666666667,6.0
test,random_order_augmentation,conditional_max,canonical,180,180,0,0.8666666666666667,0.8666666666666667,0.34183833700000005,2302.9666666666667,6.0
test,random_order_augmentation,conditional_max,reversed,180,180,0,0.7833333333333333,0.7833333333333333,0.7715528131666665,2302.9666666666667,6.0
test,random_order_augmentation,conditional_max,shuffled,180,180,0,0.7444444444444445,0.7444444444444445,0.8736967549555553,2302.9666666666667,6.0
test,random_order_augmentation,conditional_max,structured,180,180,0,0.8333333333333334,0.8333333333333334,0.3992543228277778,2182.9666666666667,6.0
test,random_order_augmentation,conditional_max,checklist,180,180,0,0.8944444444444445,0.8944444444444445,0.27580423517222225,2312.9666666666667,6.0
test,random_order_augmentation,conditional_min,canonical,180,180,0,0.9444444444444444,0.9444444444444444,0.5964115285388889,2302.9666666666667,6.0
test,random_order_augmentation,conditional_min,reversed,180,180,0,0.8222222222222222,0.8222222222222222,0.8931215909888888,2302.9666666666667,6.0
test,random_order_augmentation,conditional_min,shuffled,180,180,0,0.8,0.8,1.4989595409166667,2302.9666666666667,6.0
test,random_order_augmentation,conditional_min,structured,180,180,0,0.9111111111111111,0.9111111111111111,0.8447134809611111,2182.9666666666667,6.0
test,random_order_augmentation,conditional_min,checklist,180,180,0,0.9333333333333333,0.9333333333333333,0.6113330498166667,2312.9666666666667,6.0
test,hard_examples,conditional_max,canonical,180,180,0,0.9611111111111111,0.9611111111111111,0.08983382261111106,2302.9666666666667,6.0
test,hard_examples,conditional_max,reversed,180,180,0,0.9111111111111111,0.9111111111111111,0.30400916348333323,2302.9666666666667,6.0
test,hard_examples,conditional_max,shuffled,180,180,0,0.65,0.65,1.967875044972222,2302.9666666666667,6.0
test,hard_examples,conditional_max,structured,180,180,0,0.95,0.95,0.09311859822222214,2182.9666666666667,6.0
test,hard_examples,conditional_max,checklist,180,180,0,0.9555555555555556,0.9555555555555556,0.0988022009444444,2312.9666666666667,6.0
test,hard_examples,conditional_min,canonical,180,180,0,0.9722222222222222,0.9722222222222222,0.4849351595,2302.9666666666667,6.0
test,hard_examples,conditional_min,reversed,180,180,0,0.8777777777777778,0.8777777777777778,0.3336620498333333,2302.9666666666667,6.0
test,hard_examples,conditional_min,shuffled,180,180,0,0.8055555555555556,0.8055555555555556,1.4998029571166667,2302.9666666666667,6.0
test,hard_examples,conditional_min,structured,180,180,0,0.9388888888888889,0.9388888888888889,1.0629401706666666,2182.9666666666667,6.0
test,hard_examples,conditional_min,checklist,180,180,0,0.9555555555555556,0.9555555555555556,0.6483457990944445,2312.9666666666667,6.0
