split,arm,objective,cases,all_five_correct,canonical_correct_shuffled_wrong,canonical_wrong_shuffled_correct,canonical_shuffled_same_choice
validation,base,conditional_max,165,90,39,7,113
validation,base,conditional_min,165,70,47,14,101
validation,uniform,conditional_max,165,108,48,3,111
validation,uniform,conditional_min,165,97,38,7,113
validation,low_disagreement,conditional_max,165,91,51,5,104
validation,low_disagreement,conditional_min,165,84,39,11,110
validation,high_disagreement,conditional_max,165,98,40,7,114
validation,high_disagreement,conditional_min,165,88,40,10,107
validation,random_order_augmentation,conditional_max,165,107,25,6,132
validation,random_order_augmentation,conditional_min,165,81,38,11,111
validation,hard_examples,conditional_max,165,109,47,2,113
validation,hard_examples,conditional_min,165,81,47,11,103
test,uniform,conditional_max,180,119,45,4,130
test,uniform,conditional_min,180,117,34,4,139
test,low_disagreement,conditional_max,180,93,58,8,109
test,low_disagreement,conditional_min,180,119,33,7,136
test,high_disagreement,conditional_max,180,93,58,6,115
test,high_disagreement,conditional_min,180,119,32,7,138
test,random_order_augmentation,conditional_max,180,98,33,11,132
test,random_order_augmentation,conditional_min,180,118,33,7,137
test,hard_examples,conditional_max,180,103,60,4,115
test,hard_examples,conditional_min,180,121,35,5,137
