model,case_id,table_id,group_id,objective,variant,kind,target,choice,true_winners,true_values,supplied_or_emitted_values,response,values_correct,rank_preserved,consistent,opposite_optimum_selected,gold_margin_pp,regret_pp,category,matching_other_contexts
base,08bd805593832b697f08,36d0763fb367191b283c,eed5d8cd391d1c31f166,conditional_min,canonical,joint,1-iodo-4-methoxybenzene,D,"[""A""]","{""C"": 50.10463357, ""A"": 8.039691846, ""D"": 49.74093184, ""B"": 53.10447809}","{""A"": 8.039691846, ""B"": 53.10447809, ""C"": 50.10463357, ""D"": 49.74093184}","{""values"":{""A"":8.039691846,""B"":53.10447809,""C"":50.10463357,""D"":49.74093184},""choice"":""D""}",True,True,False,False,41.701239994000005,41.701239994000005,values_correct_selection_error,[]
base,08bd805593832b697f08,36d0763fb367191b283c,eed5d8cd391d1c31f166,conditional_min,shuffled,joint,1-iodo-4-methoxybenzene,D,"[""A""]","{""C"": 50.10463357, ""A"": 8.039691846, ""D"": 49.74093184, ""B"": 53.10447809}","{""A"": 8.039691846, ""B"": 53.10447809, ""C"": 50.10463357, ""D"": 49.74093184}","{""values"":{""A"":8.039691846,""B"":53.10447809,""C"":50.10463357,""D"":49.74093184},""choice"":""D""}",True,True,False,False,41.701239994000005,41.701239994000005,values_correct_selection_error,[]
base,111d27c76a8be91a0b01,82069b281063100ddc51,87e22e4dc6500fb855d5,conditional_max,shuffled,joint,1-chloro-4-(trifluoromethyl)benzene,B,"[""C""]","{""A"": 9.328786223, ""B"": 19.58685815, ""D"": 13.50296194, ""C"": 34.30918762}","{""A"": 9.328786223, ""B"": 19.58685815, ""C"": 34.30918762, ""D"": 13.50296194}","{""values"":{""A"":9.328786223,""B"":19.58685815,""C"":34.30918762,""D"":13.50296194},""choice"":""B""}",True,True,False,False,14.722329470000002,14.722329470000002,values_correct_selection_error,[]
base,15f925fbbe26f9379217,f40ead0d02d04a5edb08,48ae00ade5da6db7eff9,conditional_min,shuffled,cached_compare,1-ethyl-4-iodobenzene,C,"[""A""]","{""B"": 25.2527032, ""A"": 15.41389344, ""D"": 23.2960789, ""C"": 26.6748995}","{""B"": 25.2527, ""A"": 15.4139, ""D"": 23.2961, ""C"": 7.6419}","{""choice"":""C""}",False,False,True,False,7.8821854600000005,11.261006059999998,ranking_changed_by_readout,[]
base,15f925fbbe26f9379217,f40ead0d02d04a5edb08,48ae00ade5da6db7eff9,conditional_min,shuffled,joint,1-ethyl-4-iodobenzene,C,"[""A""]","{""B"": 25.2527032, ""A"": 15.41389344, ""D"": 23.2960789, ""C"": 26.6748995}","{""A"": 15.41389344, ""B"": 25.2527032, ""C"": 7.641917878, ""D"": 23.2960789}","{""values"":{""A"":15.41389344,""B"":25.2527032,""C"":7.641917878,""D"":23.2960789},""choice"":""C""}",False,False,True,False,7.8821854600000005,11.261006059999998,ranking_changed_by_readout,[]
base,09d64d1aeb1a1098da44,b2bdde8739587dfd9215,48ae00ade5da6db7eff9,conditional_min,canonical,public_compare,1-chloro-4-(trifluoromethyl)benzene,B,"[""D""]","{""B"": 3.956885702, ""A"": 14.01864146, ""D"": 3.88663609, ""C"": 16.88486051}","{""B"": 3.956885702, ""A"": 14.01864146, ""D"": 3.88663609, ""C"": 16.88486051}","{""choice"":""B""}",True,True,False,False,0.07024961200000002,0.07024961200000002,values_correct_selection_error,[]
base,09d64d1aeb1a1098da44,b2bdde8739587dfd9215,48ae00ade5da6db7eff9,conditional_min,canonical,cached_compare,1-chloro-4-(trifluoromethyl)benzene,B,"[""D""]","{""B"": 3.956885702, ""A"": 14.01864146, ""D"": 3.88663609, ""C"": 16.88486051}","{""B"": 3.956885702, ""A"": 14.01864146, ""D"": 3.88663609, ""C"": 16.88486051}","{""choice"":""B""}",True,True,False,False,0.07024961200000002,0.07024961200000002,values_correct_selection_error,[]
base,09d64d1aeb1a1098da44,b2bdde8739587dfd9215,48ae00ade5da6db7eff9,conditional_min,shuffled,cached_compare,1-chloro-4-(trifluoromethyl)benzene,B,"[""D""]","{""B"": 3.956885702, ""A"": 14.01864146, ""D"": 3.88663609, ""C"": 16.88486051}","{""B"": 3.956885702, ""A"": 14.01864146, ""D"": 3.88663609, ""C"": 16.88486051}","{""choice"":""B""}",True,True,False,False,0.07024961200000002,0.07024961200000002,values_correct_selection_error,[]
base,26805c16abd5c2254aa0,82069b281063100ddc51,87e22e4dc6500fb855d5,conditional_max,shuffled,cached_compare,1-chloro-4-methoxybenzene,D,"[""C""]","{""A"": 0.338169234, ""B"": 0.43718104, ""D"": 0.0, ""C"": 0.695297498}","{""A"": 0.338169234, ""B"": 0.43718104, ""D"": 47.57684436, ""C"": 0.695297498}","{""choice"":""D""}",False,False,True,False,0.25811645799999994,0.695297498,ranking_changed_by_readout,[]
base,311923323d71e53123c7,f40ead0d02d04a5edb08,48ae00ade5da6db7eff9,conditional_max,shuffled,cached_compare,1-ethyl-4-iodobenzene,B,"[""C""]","{""B"": 25.2527032, ""A"": 15.41389344, ""D"": 23.2960789, ""C"": 26.6748995}","{""B"": 25.2527, ""A"": 15.4139, ""D"": 23.2961, ""C"": 7.6419}","{""choice"":""B""}",False,False,True,False,1.4221962999999995,1.4221962999999995,ranking_changed_by_readout,[]
base,311923323d71e53123c7,f40ead0d02d04a5edb08,48ae00ade5da6db7eff9,conditional_max,shuffled,joint,1-ethyl-4-iodobenzene,B,"[""C""]","{""B"": 25.2527032, ""A"": 15.41389344, ""D"": 23.2960789, ""C"": 26.6748995}","{""A"": 15.41389344, ""B"": 25.2527032, ""C"": 7.641917878, ""D"": 23.2960789}","{""values"":{""A"":15.41389344,""B"":25.2527032,""C"":7.641917878,""D"":23.2960789},""choice"":""B""}",False,False,True,False,1.4221962999999995,1.4221962999999995,ranking_changed_by_readout,[]
base,55fe977043c66f84bda4,831f200430455c45b1ac,87e22e4dc6500fb855d5,conditional_min,canonical,joint,1-chloro-4-methoxybenzene,D,"[""A"", ""B""]","{""B"": 0.0, ""C"": 0.47110416, ""A"": 0.0, ""D"": 0.39886034}","{""A"": 0.0, ""B"": 0.0, ""C"": 0.47110416, ""D"": 0.39886034}","{""values"":{""A"":0.0,""B"":0.0,""C"":0.47110416,""D"":0.39886034},""choice"":""D""}",True,True,False,False,0.0,0.39886034,values_correct_selection_error,[]
base,55fe977043c66f84bda4,831f200430455c45b1ac,87e22e4dc6500fb855d5,conditional_min,shuffled,joint,1-chloro-4-methoxybenzene,D,"[""A"", ""B""]","{""B"": 0.0, ""C"": 0.47110416, ""A"": 0.0, ""D"": 0.39886034}","{""A"": 0.0, ""B"": 0.0, ""C"": 0.47110416, ""D"": 0.39886034}","{""values"":{""A"":0.0,""B"":0.0,""C"":0.47110416,""D"":0.39886034},""choice"":""D""}",True,True,False,False,0.0,0.39886034,values_correct_selection_error,[]
base,47048b5ebf6adb0e3dad,2c948f6485235bb19798,eed5d8cd391d1c31f166,conditional_max,shuffled,joint,1-bromo-4-ethylbenzene,D,"[""A""]","{""C"": 34.22216946, ""B"": 26.51530021, ""D"": 38.82629912, ""A"": 52.43953497}","{""A"": 52.43953497, ""B"": 26.51530021, ""C"": 34.22216946, ""D"": 38.82629912}","{""values"":{""A"":52.43953497,""B"":26.51530021,""C"":34.22216946,""D"":38.82629912},""choice"":""D""}",True,True,False,False,13.613235849999995,13.613235849999995,values_correct_selection_error,[]
base,4b1ec70de0a6a7e83d2b,2c948f6485235bb19798,eed5d8cd391d1c31f166,conditional_max,shuffled,joint,1-iodo-4-methoxybenzene,D,"[""A""]","{""C"": 37.1376218, ""B"": 13.524053, ""D"": 37.2145199, ""A"": 42.00742206}","{""A"": 42.00742206, ""B"": 13.524053, ""C"": 37.1376218, ""D"": 37.2145199}","{""values"":{""A"":42.00742206,""B"":13.524053,""C"":37.1376218,""D"":37.2145199},""choice"":""D""}",True,True,False,False,4.792902160000004,4.792902160000004,values_correct_selection_error,[]
base,6f3de4e62546baee32a1,82069b281063100ddc51,87e22e4dc6500fb855d5,conditional_max,shuffled,joint,1-ethyl-4-iodobenzene,D,"[""A""]","{""A"": 83.93941968, ""B"": 50.54514481, ""D"": 81.47790375, ""C"": 81.02094948}","{""A"": 83.93941968, ""B"": 50.54514481, ""C"": 81.02094948, ""D"": 81.47790375}","{""values"":{""A"":83.93941968,""B"":50.54514481,""C"":81.02094948,""D"":81.47790375},""choice"":""D""}",True,True,False,False,2.4615159300000045,2.4615159300000045,values_correct_selection_error,[]
base,6d3803bf1d1d3ab94030,0f1451b56818154e0c58,eed5d8cd391d1c31f166,conditional_min,canonical,joint,2-bromopyridine,C,"[""B""]","{""C"": 21.75875381, ""B"": 20.04239857, ""D"": 32.01759643, ""A"": 38.88072897}","{""A"": 38.88072897, ""B"": 20.04239857, ""C"": 21.75875381, ""D"": 32.01759643}","{""values"":{""A"":38.88072897,""B"":20.04239857,""C"":21.75875381,""D"":32.01759643},""choice"":""C""}",True,True,False,False,1.7163552400000022,1.7163552400000022,values_correct_selection_error,[]
base,cda97a2cb5e930915459,82069b281063100ddc51,87e22e4dc6500fb855d5,conditional_min,shuffled,cached_compare,1-bromo-4-methoxybenzene,A,"[""B""]","{""A"": 43.34412585, ""B"": 23.41191123, ""D"": 47.57684436, ""C"": 43.182647}","{""A"": 0.338169234, ""B"": 23.41191123, ""D"": 47.57684436, ""C"": 43.182647}","{""choice"":""A""}",False,False,True,False,19.77073577,19.932214619999996,ranking_changed_by_readout,[]
base,cda97a2cb5e930915459,82069b281063100ddc51,87e22e4dc6500fb855d5,conditional_min,shuffled,joint,1-bromo-4-methoxybenzene,A,"[""B""]","{""A"": 43.34412585, ""B"": 23.41191123, ""D"": 47.57684436, ""C"": 43.182647}","{""A"": 0.338169234, ""B"": 23.41191123, ""C"": 43.182647, ""D"": 47.57684436}","{""values"":{""A"":0.338169234,""B"":23.41191123,""C"":43.182647,""D"":47.57684436},""choice"":""A""}",False,False,True,False,19.77073577,19.932214619999996,ranking_changed_by_readout,[]
base,b39ab9bd2cfb2e79ea8a,d0c7e7e3db8cdb88c931,48ae00ade5da6db7eff9,conditional_max,shuffled,joint,1-bromo-4-(trifluoromethyl)benzene,D,"[""A""]","{""D"": 37.52076416, ""C"": 30.28625472, ""B"": 37.21381762, ""A"": 51.39708789}","{""A"": 51.39708789, ""B"": 37.21381762, ""C"": 30.28625472, ""D"": 37.52076416}","{""values"":{""A"":51.39708789,""B"":37.21381762,""C"":30.28625472,""D"":37.52076416},""choice"":""D""}",True,True,False,False,13.876323730000003,13.876323730000003,values_correct_selection_error,[]
base,9ef29a328c03e31131ad,36d0763fb367191b283c,eed5d8cd391d1c31f166,conditional_min,shuffled,joint,1-bromo-4-(trifluoromethyl)benzene,C,"[""A""]","{""C"": 29.47262424, ""A"": 22.58353247, ""D"": 29.59583126, ""B"": 35.88987774}","{""A"": 22.58353247, ""B"": 35.88987774, ""C"": 29.47262424, ""D"": 29.59583126}","{""values"":{""A"":22.58353247,""B"":35.88987774,""C"":29.47262424,""D"":29.59583126},""choice"":""C""}",True,True,False,False,6.889091769999997,6.889091769999997,values_correct_selection_error,[]
base,9e8d6219781ce28e9694,0f1451b56818154e0c58,eed5d8cd391d1c31f166,conditional_max,canonical,joint,2-bromopyridine,D,"[""A""]","{""C"": 21.75875381, ""B"": 20.04239857, ""D"": 32.01759643, ""A"": 38.88072897}","{""A"": 38.88072897, ""B"": 20.04239857, ""C"": 21.75875381, ""D"": 32.01759643}","{""values"":{""A"":38.88072897,""B"":20.04239857,""C"":21.75875381,""D"":32.01759643},""choice"":""D""}",True,True,False,False,6.863132540000002,6.863132540000002,values_correct_selection_error,[]
base,e4c34fc27ff57a50e8aa,82069b281063100ddc51,87e22e4dc6500fb855d5,conditional_min,shuffled,cached_compare,1-chloro-4-methoxybenzene,A,"[""D""]","{""A"": 0.338169234, ""B"": 0.43718104, ""D"": 0.0, ""C"": 0.695297498}","{""A"": 0.338169234, ""B"": 0.43718104, ""D"": 47.57684436, ""C"": 0.695297498}","{""choice"":""A""}",False,False,True,False,0.338169234,0.338169234,ranking_changed_by_readout,[]
base,878252731725852b9aa5,a736a0b38d85d14ce9b3,381b7085773cd92e0f81,conditional_min,shuffled,joint,1-chloro-4-(trifluoromethyl)benzene,D,"[""A""]","{""A"": 2.443106533, ""C"": 9.330486935, ""D"": 5.265059572, ""B"": 12.26279814}","{""A"": 2.443106533, ""B"": 12.26279814, ""C"": 9.330486935, ""D"": 5.265059572}","{""values"":{""A"":2.443106533,""B"":12.26279814,""C"":9.330486935,""D"":5.265059572},""choice"":""D""}",True,True,False,False,2.8219530390000003,2.8219530390000003,values_correct_selection_error,[]
base,82014f84d0990e9b1f3a,2c948f6485235bb19798,eed5d8cd391d1c31f166,conditional_min,canonical,joint,1-bromo-4-methoxybenzene,D,"[""B""]","{""C"": 20.36820588, ""B"": 9.043513945, ""D"": 19.70724871, ""A"": 33.60384304}","{""A"": 33.60384304, ""B"": 9.043513945, ""C"": 20.36820588, ""D"": 19.70724871}","{""values"":{""A"":33.60384304,""B"":9.043513945,""C"":20.36820588,""D"":19.70724871},""choice"":""D""}",True,True,False,False,10.663734764999997,10.663734764999997,values_correct_selection_error,[]
base,cba39c695e92e9c14619,36d0763fb367191b283c,eed5d8cd391d1c31f166,conditional_max,canonical,public_compare,1-chloro-4-ethylbenzene,B,"[""D""]","{""C"": 1.379250532, ""A"": 2.547971795, ""D"": 5.688672061, ""B"": 5.49871711}","{""C"": 1.379250532, ""A"": 2.547971795, ""D"": 5.688672061, ""B"": 5.49871711}","{""choice"":""B""}",True,True,False,False,0.18995495099999982,0.18995495099999982,values_correct_selection_error,[]
base,cba39c695e92e9c14619,36d0763fb367191b283c,eed5d8cd391d1c31f166,conditional_max,canonical,cached_compare,1-chloro-4-ethylbenzene,B,"[""D""]","{""C"": 1.379250532, ""A"": 2.547971795, ""D"": 5.688672061, ""B"": 5.49871711}","{""C"": 1.379250532, ""A"": 2.547971795, ""D"": 5.688672061, ""B"": 5.49871711}","{""choice"":""B""}",True,True,False,False,0.18995495099999982,0.18995495099999982,values_correct_selection_error,[]
base,cba39c695e92e9c14619,36d0763fb367191b283c,eed5d8cd391d1c31f166,conditional_max,canonical,joint,1-chloro-4-ethylbenzene,A,"[""D""]","{""C"": 1.379250532, ""A"": 2.547971795, ""D"": 5.688672061, ""B"": 5.49871711}","{""A"": 17.09448081, ""B"": 5.49871711, ""C"": 1.37925053, ""D"": 5.68867206}","{""values"":{""A"":17.09448081,""B"":5.49871711,""C"":1.37925053,""D"":5.68867206},""choice"":""A""}",False,False,True,False,0.18995495099999982,3.140700266,ranking_changed_by_readout,[]
base,cba39c695e92e9c14619,36d0763fb367191b283c,eed5d8cd391d1c31f166,conditional_max,shuffled,cached_compare,1-chloro-4-ethylbenzene,B,"[""D""]","{""C"": 1.379250532, ""A"": 2.547971795, ""D"": 5.688672061, ""B"": 5.49871711}","{""C"": 1.379250532, ""A"": 2.547971795, ""D"": 5.688672061, ""B"": 5.49871711}","{""choice"":""B""}",True,True,False,False,0.18995495099999982,0.18995495099999982,values_correct_selection_error,[]
base,cba39c695e92e9c14619,36d0763fb367191b283c,eed5d8cd391d1c31f166,conditional_max,shuffled,joint,1-chloro-4-ethylbenzene,B,"[""D""]","{""C"": 1.379250532, ""A"": 2.547971795, ""D"": 5.688672061, ""B"": 5.49871711}","{""A"": 2.547971795, ""B"": 5.49871711, ""C"": 1.379250532, ""D"": 5.688672061}","{""values"":{""A"":2.547971795,""B"":5.49871711,""C"":1.379250532,""D"":5.688672061},""choice"":""B""}",True,True,False,False,0.18995495099999982,0.18995495099999982,values_correct_selection_error,[]
base,a92afb353b34c6a52469,a736a0b38d85d14ce9b3,381b7085773cd92e0f81,conditional_min,canonical,public_compare,3-chloropyridine,D,"[""A""]","{""A"": 1.470956156, ""C"": 4.143900161, ""D"": 3.0359005960000003, ""B"": 6.7680647810000005}","{""A"": 1.470956156, ""C"": 4.143900161, ""D"": 3.0359005960000003, ""B"": 6.7680647810000005}","{""choice"":""D""}",True,True,False,False,1.5649444400000003,1.5649444400000003,values_correct_selection_error,[]
base,a92afb353b34c6a52469,a736a0b38d85d14ce9b3,381b7085773cd92e0f81,conditional_min,canonical,cached_compare,3-chloropyridine,D,"[""A""]","{""A"": 1.470956156, ""C"": 4.143900161, ""D"": 3.0359005960000003, ""B"": 6.7680647810000005}","{""A"": 1.470956156, ""C"": 4.143900161, ""D"": 3.035900596, ""B"": 6.768064781}","{""choice"":""D""}",True,True,False,False,1.5649444400000003,1.5649444400000003,values_correct_selection_error,[]
base,a92afb353b34c6a52469,a736a0b38d85d14ce9b3,381b7085773cd92e0f81,conditional_min,canonical,joint,3-chloropyridine,D,"[""A""]","{""A"": 1.470956156, ""C"": 4.143900161, ""D"": 3.0359005960000003, ""B"": 6.7680647810000005}","{""A"": 1.470956156, ""B"": 6.7680647810000005, ""C"": 4.143900161, ""D"": 3.035900596}","{""values"":{""A"":1.470956156,""B"":6.7680647810000005,""C"":4.143900161,""D"":3.035900596},""choice"":""D""}",True,True,False,False,1.5649444400000003,1.5649444400000003,values_correct_selection_error,[]
base,a92afb353b34c6a52469,a736a0b38d85d14ce9b3,381b7085773cd92e0f81,conditional_min,shuffled,cached_compare,3-chloropyridine,D,"[""A""]","{""A"": 1.470956156, ""C"": 4.143900161, ""D"": 3.0359005960000003, ""B"": 6.7680647810000005}","{""A"": 1.470956156, ""C"": 4.143900161, ""D"": 3.035900596, ""B"": 6.768064781}","{""choice"":""D""}",True,True,False,False,1.5649444400000003,1.5649444400000003,values_correct_selection_error,[]
base,a92afb353b34c6a52469,a736a0b38d85d14ce9b3,381b7085773cd92e0f81,conditional_min,shuffled,joint,3-chloropyridine,D,"[""A""]","{""A"": 1.470956156, ""C"": 4.143900161, ""D"": 3.0359005960000003, ""B"": 6.7680647810000005}","{""A"": 1.470956156, ""B"": 6.7680647810000005, ""C"": 4.143900161, ""D"": 3.0359005960000003}","{""values"":{""A"":1.470956156,""B"":6.7680647810000005,""C"":4.143900161,""D"":3.0359005960000003},""choice"":""D""}",True,True,False,False,1.5649444400000003,1.5649444400000003,values_correct_selection_error,[]
base,fb075716e91433dbea22,831f200430455c45b1ac,87e22e4dc6500fb855d5,conditional_min,shuffled,joint,1-chloro-4-ethylbenzene,D,"[""B""]","{""B"": 1.117675591, ""C"": 4.111488109, ""A"": 7.259312325, ""D"": 3.622466468}","{""A"": 7.259312325, ""B"": 1.117675591, ""C"": 4.111488109, ""D"": 3.622466468}","{""values"":{""A"":7.259312325,""B"":1.117675591,""C"":4.111488109,""D"":3.622466468},""choice"":""D""}",True,True,False,False,2.5047908769999996,2.5047908769999996,values_correct_selection_error,[]
base,cb2bdaad7a8fad069645,d0c7e7e3db8cdb88c931,48ae00ade5da6db7eff9,conditional_min,shuffled,cached_compare,3-chloropyridine,B,"[""C""]","{""D"": 15.22347574, ""C"": 6.351542297000001, ""B"": 21.86178566, ""A"": 35.55504656}","{""D"": 15.22347574, ""C"": 6.3515423, ""B"": 1.10003053, ""A"": 35.55504656}","{""choice"":""B""}",False,False,True,False,8.871933443,15.510243362999997,ranking_changed_by_readout,[]
base,873ea69ef43a90069626,f40ead0d02d04a5edb08,48ae00ade5da6db7eff9,conditional_min,shuffled,joint,1-chloro-4-(trifluoromethyl)benzene,D,"[""B""]","{""B"": 6.575127297000001, ""A"": 10.65781182, ""D"": 7.372693174, ""C"": 15.4176361}","{""A"": 10.65781182, ""B"": 8.742546332, ""C"": 15.4176361, ""D"": 7.372693174}","{""values"":{""A"":10.65781182,""B"":8.742546332,""C"":15.4176361,""D"":7.372693174},""choice"":""D""}",False,False,True,False,0.7975658769999994,0.7975658769999994,ranking_changed_by_readout,[]
base,ad9522d78414182e0bda,a736a0b38d85d14ce9b3,381b7085773cd92e0f81,conditional_min,shuffled,joint,1-chloro-4-ethylbenzene,C,"[""A""]","{""A"": 0.489724505, ""C"": 0.72962294, ""D"": 3.678633066, ""B"": 0.638545637}","{""A"": 0.489724505, ""B"": 0.638545637, ""C"": 0.72962294, ""D"": 3.678633066}","{""values"":{""A"":0.489724505,""B"":0.638545637,""C"":0.72962294,""D"":3.678633066},""choice"":""C""}",True,True,False,False,0.14882113200000002,0.23989843500000008,values_correct_selection_error,[]
base,eadfc1a25fbfdeccc42b,b2bdde8739587dfd9215,48ae00ade5da6db7eff9,conditional_min,shuffled,cached_compare,1-bromo-4-ethylbenzene,D,"[""A""]","{""B"": 29.29795514, ""A"": 18.8690087, ""D"": 27.79577337, ""C"": 66.02401389}","{""B"": 29.29795514, ""A"": 18.8690087, ""D"": 0.0, ""C"": 66.02401389}","{""choice"":""D""}",False,False,True,False,8.92676467,8.92676467,ranking_changed_by_readout,[]
base,eadfc1a25fbfdeccc42b,b2bdde8739587dfd9215,48ae00ade5da6db7eff9,conditional_min,shuffled,joint,1-bromo-4-ethylbenzene,D,"[""A""]","{""B"": 29.29795514, ""A"": 18.8690087, ""D"": 27.79577337, ""C"": 66.02401389}","{""A"": 18.8690087, ""B"": 29.29795514, ""C"": 66.02401389, ""D"": 0.0}","{""values"":{""A"":18.8690087,""B"":29.29795514,""C"":66.02401389,""D"":0.0},""choice"":""D""}",False,False,True,False,8.92676467,8.92676467,ranking_changed_by_readout,[]
base,e02ea18de716269b785f,f40ead0d02d04a5edb08,48ae00ade5da6db7eff9,conditional_min,canonical,public_compare,1-iodo-4-(trifluoromethyl)benzene,B,"[""D""]","{""B"": 9.935132826, ""A"": 18.27868619, ""D"": 9.546870881, ""C"": 16.81589184}","{""B"": 9.935132826, ""A"": 18.27868619, ""D"": 9.546870881, ""C"": 16.81589184}","{""choice"":""B""}",True,True,False,False,0.388261945,0.388261945,values_correct_selection_error,[]
base,e02ea18de716269b785f,f40ead0d02d04a5edb08,48ae00ade5da6db7eff9,conditional_min,canonical,cached_compare,1-iodo-4-(trifluoromethyl)benzene,B,"[""D""]","{""B"": 9.935132826, ""A"": 18.27868619, ""D"": 9.546870881, ""C"": 16.81589184}","{""B"": 9.935132826, ""A"": 18.27868619, ""D"": 9.546870881, ""C"": 16.81589184}","{""choice"":""B""}",True,True,False,False,0.388261945,0.388261945,values_correct_selection_error,[]
base,e02ea18de716269b785f,f40ead0d02d04a5edb08,48ae00ade5da6db7eff9,conditional_min,shuffled,cached_compare,1-iodo-4-(trifluoromethyl)benzene,B,"[""D""]","{""B"": 9.935132826, ""A"": 18.27868619, ""D"": 9.546870881, ""C"": 16.81589184}","{""B"": 9.9351, ""A"": 18.2787, ""D"": 9.5469, ""C"": 16.8159}","{""choice"":""B""}",True,True,False,False,0.388261945,0.388261945,values_correct_selection_error,[]
uniform,08bd805593832b697f08,36d0763fb367191b283c,eed5d8cd391d1c31f166,conditional_min,canonical,joint,1-iodo-4-methoxybenzene,D,"[""A""]","{""C"": 50.10463357, ""A"": 8.039691846, ""D"": 49.74093184, ""B"": 53.10447809}","{""A"": 8.039691846, ""B"": 53.10447809, ""C"": 50.10463357, ""D"": 49.74093184}","{""values"":{""A"":8.039691846,""B"":53.10447809,""C"":50.10463357,""D"":49.74093184},""choice"":""D""}",True,True,False,False,41.701239994000005,41.701239994000005,values_correct_selection_error,[]
uniform,08bd805593832b697f08,36d0763fb367191b283c,eed5d8cd391d1c31f166,conditional_min,shuffled,joint,1-iodo-4-methoxybenzene,D,"[""A""]","{""C"": 50.10463357, ""A"": 8.039691846, ""D"": 49.74093184, ""B"": 53.10447809}","{""A"": 8.039691846, ""B"": 53.10447809, ""C"": 50.10463357, ""D"": 49.74093184}","{""values"":{""A"":8.039691846,""B"":53.10447809,""C"":50.10463357,""D"":49.74093184},""choice"":""D""}",True,True,False,False,41.701239994000005,41.701239994000005,values_correct_selection_error,[]
uniform,111d27c76a8be91a0b01,82069b281063100ddc51,87e22e4dc6500fb855d5,conditional_max,shuffled,joint,1-chloro-4-(trifluoromethyl)benzene,B,"[""C""]","{""A"": 9.328786223, ""B"": 19.58685815, ""D"": 13.50296194, ""C"": 34.30918762}","{""A"": 9.328786223, ""B"": 19.58685815, ""C"": 34.30918762, ""D"": 13.50296194}","{""values"":{""A"":9.328786223,""B"":19.58685815,""C"":34.30918762,""D"":13.50296194},""choice"":""B""}",True,True,False,False,14.722329470000002,14.722329470000002,values_correct_selection_error,[]
uniform,09d64d1aeb1a1098da44,b2bdde8739587dfd9215,48ae00ade5da6db7eff9,conditional_min,canonical,public_compare,1-chloro-4-(trifluoromethyl)benzene,B,"[""D""]","{""B"": 3.956885702, ""A"": 14.01864146, ""D"": 3.88663609, ""C"": 16.88486051}","{""B"": 3.956885702, ""A"": 14.01864146, ""D"": 3.88663609, ""C"": 16.88486051}","{""choice"":""B""}",True,True,False,False,0.07024961200000002,0.07024961200000002,values_correct_selection_error,[]
uniform,09d64d1aeb1a1098da44,b2bdde8739587dfd9215,48ae00ade5da6db7eff9,conditional_min,canonical,cached_compare,1-chloro-4-(trifluoromethyl)benzene,B,"[""D""]","{""B"": 3.956885702, ""A"": 14.01864146, ""D"": 3.88663609, ""C"": 16.88486051}","{""B"": 3.956885702, ""A"": 14.01864146, ""D"": 3.88663609, ""C"": 16.88486051}","{""choice"":""B""}",True,True,False,False,0.07024961200000002,0.07024961200000002,values_correct_selection_error,[]
uniform,09d64d1aeb1a1098da44,b2bdde8739587dfd9215,48ae00ade5da6db7eff9,conditional_min,shuffled,cached_compare,1-chloro-4-(trifluoromethyl)benzene,B,"[""D""]","{""B"": 3.956885702, ""A"": 14.01864146, ""D"": 3.88663609, ""C"": 16.88486051}","{""B"": 3.956885702, ""A"": 14.01864146, ""D"": 3.88663609, ""C"": 16.88486051}","{""choice"":""B""}",True,True,False,False,0.07024961200000002,0.07024961200000002,values_correct_selection_error,[]
uniform,55fe977043c66f84bda4,831f200430455c45b1ac,87e22e4dc6500fb855d5,conditional_min,canonical,joint,1-chloro-4-methoxybenzene,D,"[""A"", ""B""]","{""B"": 0.0, ""C"": 0.47110416, ""A"": 0.0, ""D"": 0.39886034}","{""A"": 0.0, ""B"": 0.0, ""C"": 0.47110416, ""D"": 0.39886034}","{""values"":{""A"":0.0,""B"":0.0,""C"":0.47110416,""D"":0.39886034},""choice"":""D""}",True,True,False,False,0.0,0.39886034,values_correct_selection_error,[]
uniform,55fe977043c66f84bda4,831f200430455c45b1ac,87e22e4dc6500fb855d5,conditional_min,shuffled,joint,1-chloro-4-methoxybenzene,D,"[""A"", ""B""]","{""B"": 0.0, ""C"": 0.47110416, ""A"": 0.0, ""D"": 0.39886034}","{""A"": 0.0, ""B"": 0.0, ""C"": 0.47110416, ""D"": 0.39886034}","{""values"":{""A"":0.0,""B"":0.0,""C"":0.47110416,""D"":0.39886034},""choice"":""D""}",True,True,False,False,0.0,0.39886034,values_correct_selection_error,[]
uniform,2998d049a6c2b6d90d8d,0f1451b56818154e0c58,eed5d8cd391d1c31f166,conditional_min,shuffled,joint,1-iodo-4-methoxybenzene,D,"[""B""]","{""C"": 11.24955158, ""B"": 4.112217946, ""D"": 9.685019183, ""A"": 18.29616546}","{""A"": 18.29616546, ""B"": 4.112217946, ""C"": 11.24955158, ""D"": 9.685019183}","{""values"":{""A"":18.29616546,""B"":4.112217946,""C"":11.24955158,""D"":9.685019183},""choice"":""D""}",True,True,False,False,5.572801236999999,5.572801236999999,values_correct_selection_error,[]
uniform,3d098ded11776e9bdf42,983f2f661642866cabba,381b7085773cd92e0f81,conditional_min,shuffled,joint,1-chloro-4-(trifluoromethyl)benzene,D,"[""B""]","{""B"": 2.103607287, ""C"": 5.982836529, ""D"": 4.477162725, ""A"": 12.21708819}","{""A"": 12.21708819, ""B"": 2.103607287, ""C"": 5.982836529, ""D"": 4.477162725}","{""values"":{""A"":12.21708819,""B"":2.103607287,""C"":5.982836529,""D"":4.477162725},""choice"":""D""}",True,True,False,False,2.3735554380000004,2.3735554380000004,values_correct_selection_error,[]
uniform,54f5fb51c0f15d9f6e02,b2bdde8739587dfd9215,48ae00ade5da6db7eff9,conditional_min,canonical,joint,1-ethyl-4-iodobenzene,D,"[""A""]","{""B"": 73.73993868, ""A"": 25.0736586, ""D"": 72.31351298, ""C"": 72.39052533}","{""A"": 25.0736586, ""B"": 73.73993868, ""C"": 72.39052533, ""D"": 72.31351298}","{""values"":{""A"":25.0736586,""B"":73.73993868,""C"":72.39052533,""D"":72.31351298},""choice"":""D""}",True,True,False,False,47.23985438,47.23985438,values_correct_selection_error,[]
uniform,6d3803bf1d1d3ab94030,0f1451b56818154e0c58,eed5d8cd391d1c31f166,conditional_min,canonical,joint,2-bromopyridine,C,"[""B""]","{""C"": 21.75875381, ""B"": 20.04239857, ""D"": 32.01759643, ""A"": 38.88072897}","{""A"": 38.88072897, ""B"": 20.04239857, ""C"": 21.75875381, ""D"": 32.01759643}","{""values"":{""A"":38.88072897,""B"":20.04239857,""C"":21.75875381,""D"":32.01759643},""choice"":""C""}",True,True,False,False,1.7163552400000022,1.7163552400000022,values_correct_selection_error,[]
uniform,cda97a2cb5e930915459,82069b281063100ddc51,87e22e4dc6500fb855d5,conditional_min,shuffled,cached_compare,1-bromo-4-methoxybenzene,A,"[""B""]","{""A"": 43.34412585, ""B"": 23.41191123, ""D"": 47.57684436, ""C"": 43.182647}","{""A"": 0.338169234, ""B"": 23.41191123, ""D"": 47.57684436, ""C"": 43.182647}","{""choice"":""A""}",False,False,True,False,19.77073577,19.932214619999996,ranking_changed_by_readout,[]
uniform,cda97a2cb5e930915459,82069b281063100ddc51,87e22e4dc6500fb855d5,conditional_min,shuffled,joint,1-bromo-4-methoxybenzene,A,"[""B""]","{""A"": 43.34412585, ""B"": 23.41191123, ""D"": 47.57684436, ""C"": 43.182647}","{""A"": 0.338169234, ""B"": 23.41191123, ""C"": 43.182647, ""D"": 47.57684436}","{""values"":{""A"":0.338169234,""B"":23.41191123,""C"":43.182647,""D"":47.57684436},""choice"":""A""}",False,False,True,False,19.77073577,19.932214619999996,ranking_changed_by_readout,[]
uniform,b39ab9bd2cfb2e79ea8a,d0c7e7e3db8cdb88c931,48ae00ade5da6db7eff9,conditional_max,shuffled,joint,1-bromo-4-(trifluoromethyl)benzene,D,"[""A""]","{""D"": 37.52076416, ""C"": 30.28625472, ""B"": 37.21381762, ""A"": 51.39708789}","{""A"": 51.39708789, ""B"": 37.21381762, ""C"": 30.28625472, ""D"": 37.52076416}","{""values"":{""A"":51.39708789,""B"":37.21381762,""C"":30.28625472,""D"":37.52076416},""choice"":""D""}",True,True,False,False,13.876323730000003,13.876323730000003,values_correct_selection_error,[]
uniform,9ef29a328c03e31131ad,36d0763fb367191b283c,eed5d8cd391d1c31f166,conditional_min,shuffled,joint,1-bromo-4-(trifluoromethyl)benzene,C,"[""A""]","{""C"": 29.47262424, ""A"": 22.58353247, ""D"": 29.59583126, ""B"": 35.88987774}","{""A"": 22.58353247, ""B"": 35.88987774, ""C"": 29.47262424, ""D"": 29.59583126}","{""values"":{""A"":22.58353247,""B"":35.88987774,""C"":29.47262424,""D"":29.59583126},""choice"":""C""}",True,True,False,False,6.889091769999997,6.889091769999997,values_correct_selection_error,[]
uniform,9e8d6219781ce28e9694,0f1451b56818154e0c58,eed5d8cd391d1c31f166,conditional_max,canonical,joint,2-bromopyridine,D,"[""A""]","{""C"": 21.75875381, ""B"": 20.04239857, ""D"": 32.01759643, ""A"": 38.88072897}","{""A"": 38.88072897, ""B"": 20.04239857, ""C"": 21.75875381, ""D"": 32.01759643}","{""values"":{""A"":38.88072897,""B"":20.04239857,""C"":21.75875381,""D"":32.01759643},""choice"":""D""}",True,True,False,False,6.863132540000002,6.863132540000002,values_correct_selection_error,[]
uniform,878252731725852b9aa5,a736a0b38d85d14ce9b3,381b7085773cd92e0f81,conditional_min,shuffled,joint,1-chloro-4-(trifluoromethyl)benzene,D,"[""A""]","{""A"": 2.443106533, ""C"": 9.330486935, ""D"": 5.265059572, ""B"": 12.26279814}","{""A"": 2.443106533, ""B"": 12.26279814, ""C"": 9.330486935, ""D"": 5.265059572}","{""values"":{""A"":2.443106533,""B"":12.26279814,""C"":9.330486935,""D"":5.265059572},""choice"":""D""}",True,True,False,False,2.8219530390000003,2.8219530390000003,values_correct_selection_error,[]
uniform,82014f84d0990e9b1f3a,2c948f6485235bb19798,eed5d8cd391d1c31f166,conditional_min,canonical,joint,1-bromo-4-methoxybenzene,D,"[""B""]","{""C"": 20.36820588, ""B"": 9.043513945, ""D"": 19.70724871, ""A"": 33.60384304}","{""A"": 33.60384304, ""B"": 9.043513945, ""C"": 20.36820588, ""D"": 19.70724871}","{""values"":{""A"":33.60384304,""B"":9.043513945,""C"":20.36820588,""D"":19.70724871},""choice"":""D""}",True,True,False,False,10.663734764999997,10.663734764999997,values_correct_selection_error,[]
uniform,cba39c695e92e9c14619,36d0763fb367191b283c,eed5d8cd391d1c31f166,conditional_max,canonical,public_compare,1-chloro-4-ethylbenzene,B,"[""D""]","{""C"": 1.379250532, ""A"": 2.547971795, ""D"": 5.688672061, ""B"": 5.49871711}","{""C"": 1.379250532, ""A"": 2.547971795, ""D"": 5.688672061, ""B"": 5.49871711}","{""choice"":""B""}",True,True,False,False,0.18995495099999982,0.18995495099999982,values_correct_selection_error,[]
uniform,cba39c695e92e9c14619,36d0763fb367191b283c,eed5d8cd391d1c31f166,conditional_max,canonical,cached_compare,1-chloro-4-ethylbenzene,B,"[""D""]","{""C"": 1.379250532, ""A"": 2.547971795, ""D"": 5.688672061, ""B"": 5.49871711}","{""C"": 1.379250532, ""A"": 2.547971795, ""D"": 5.688672061, ""B"": 5.49871711}","{""choice"":""B""}",True,True,False,False,0.18995495099999982,0.18995495099999982,values_correct_selection_error,[]
uniform,cba39c695e92e9c14619,36d0763fb367191b283c,eed5d8cd391d1c31f166,conditional_max,shuffled,cached_compare,1-chloro-4-ethylbenzene,B,"[""D""]","{""C"": 1.379250532, ""A"": 2.547971795, ""D"": 5.688672061, ""B"": 5.49871711}","{""C"": 1.379250532, ""A"": 2.547971795, ""D"": 5.688672061, ""B"": 5.49871711}","{""choice"":""B""}",True,True,False,False,0.18995495099999982,0.18995495099999982,values_correct_selection_error,[]
uniform,cba39c695e92e9c14619,36d0763fb367191b283c,eed5d8cd391d1c31f166,conditional_max,shuffled,joint,1-chloro-4-ethylbenzene,B,"[""D""]","{""C"": 1.379250532, ""A"": 2.547971795, ""D"": 5.688672061, ""B"": 5.49871711}","{""A"": 2.547971795, ""B"": 5.49871711, ""C"": 1.379250532, ""D"": 5.688672061}","{""values"":{""A"":2.547971795,""B"":5.49871711,""C"":1.379250532,""D"":5.688672061},""choice"":""B""}",True,True,False,False,0.18995495099999982,0.18995495099999982,values_correct_selection_error,[]
uniform,a92afb353b34c6a52469,a736a0b38d85d14ce9b3,381b7085773cd92e0f81,conditional_min,canonical,public_compare,3-chloropyridine,D,"[""A""]","{""A"": 1.470956156, ""C"": 4.143900161, ""D"": 3.0359005960000003, ""B"": 6.7680647810000005}","{""A"": 1.470956156, ""C"": 4.143900161, ""D"": 3.0359005960000003, ""B"": 6.7680647810000005}","{""choice"":""D""}",True,True,False,False,1.5649444400000003,1.5649444400000003,values_correct_selection_error,[]
uniform,a92afb353b34c6a52469,a736a0b38d85d14ce9b3,381b7085773cd92e0f81,conditional_min,canonical,cached_compare,3-chloropyridine,D,"[""A""]","{""A"": 1.470956156, ""C"": 4.143900161, ""D"": 3.0359005960000003, ""B"": 6.7680647810000005}","{""A"": 1.470956156, ""C"": 4.143900161, ""D"": 3.035900596, ""B"": 6.768064781}","{""choice"":""D""}",True,True,False,False,1.5649444400000003,1.5649444400000003,values_correct_selection_error,[]
uniform,a92afb353b34c6a52469,a736a0b38d85d14ce9b3,381b7085773cd92e0f81,conditional_min,canonical,joint,3-chloropyridine,D,"[""A""]","{""A"": 1.470956156, ""C"": 4.143900161, ""D"": 3.0359005960000003, ""B"": 6.7680647810000005}","{""A"": 1.470956156, ""B"": 6.7680647810000005, ""C"": 4.143900161, ""D"": 3.035900596}","{""values"":{""A"":1.470956156,""B"":6.7680647810000005,""C"":4.143900161,""D"":3.035900596},""choice"":""D""}",True,True,False,False,1.5649444400000003,1.5649444400000003,values_correct_selection_error,[]
uniform,a92afb353b34c6a52469,a736a0b38d85d14ce9b3,381b7085773cd92e0f81,conditional_min,shuffled,cached_compare,3-chloropyridine,D,"[""A""]","{""A"": 1.470956156, ""C"": 4.143900161, ""D"": 3.0359005960000003, ""B"": 6.7680647810000005}","{""A"": 1.470956156, ""C"": 4.143900161, ""D"": 3.035900596, ""B"": 6.768064781}","{""choice"":""D""}",True,True,False,False,1.5649444400000003,1.5649444400000003,values_correct_selection_error,[]
uniform,a92afb353b34c6a52469,a736a0b38d85d14ce9b3,381b7085773cd92e0f81,conditional_min,shuffled,joint,3-chloropyridine,D,"[""A""]","{""A"": 1.470956156, ""C"": 4.143900161, ""D"": 3.0359005960000003, ""B"": 6.7680647810000005}","{""A"": 1.470956156, ""B"": 6.7680647810000005, ""C"": 4.143900161, ""D"": 3.0359005960000003}","{""values"":{""A"":1.470956156,""B"":6.7680647810000005,""C"":4.143900161,""D"":3.0359005960000003},""choice"":""D""}",True,True,False,False,1.5649444400000003,1.5649444400000003,values_correct_selection_error,[]
uniform,fb075716e91433dbea22,831f200430455c45b1ac,87e22e4dc6500fb855d5,conditional_min,shuffled,joint,1-chloro-4-ethylbenzene,D,"[""B""]","{""B"": 1.117675591, ""C"": 4.111488109, ""A"": 7.259312325, ""D"": 3.622466468}","{""A"": 7.259312325, ""B"": 1.117675591, ""C"": 4.111488109, ""D"": 3.622466468}","{""values"":{""A"":7.259312325,""B"":1.117675591,""C"":4.111488109,""D"":3.622466468},""choice"":""D""}",True,True,False,False,2.5047908769999996,2.5047908769999996,values_correct_selection_error,[]
uniform,ad9522d78414182e0bda,a736a0b38d85d14ce9b3,381b7085773cd92e0f81,conditional_min,shuffled,joint,1-chloro-4-ethylbenzene,C,"[""A""]","{""A"": 0.489724505, ""C"": 0.72962294, ""D"": 3.678633066, ""B"": 0.638545637}","{""A"": 0.489724505, ""B"": 0.638545637, ""C"": 0.72962294, ""D"": 3.678633066}","{""values"":{""A"":0.489724505,""B"":0.638545637,""C"":0.72962294,""D"":3.678633066},""choice"":""C""}",True,True,False,False,0.14882113200000002,0.23989843500000008,values_correct_selection_error,[]
uniform,eadfc1a25fbfdeccc42b,b2bdde8739587dfd9215,48ae00ade5da6db7eff9,conditional_min,shuffled,cached_compare,1-bromo-4-ethylbenzene,D,"[""A""]","{""B"": 29.29795514, ""A"": 18.8690087, ""D"": 27.79577337, ""C"": 66.02401389}","{""B"": 29.29795514, ""A"": 18.8690087, ""D"": 0.0, ""C"": 66.02401389}","{""choice"":""D""}",False,False,True,False,8.92676467,8.92676467,ranking_changed_by_readout,[]
uniform,eadfc1a25fbfdeccc42b,b2bdde8739587dfd9215,48ae00ade5da6db7eff9,conditional_min,shuffled,joint,1-bromo-4-ethylbenzene,D,"[""A""]","{""B"": 29.29795514, ""A"": 18.8690087, ""D"": 27.79577337, ""C"": 66.02401389}","{""A"": 18.8690087, ""B"": 29.29795514, ""C"": 66.02401389, ""D"": 0.0}","{""values"":{""A"":18.8690087,""B"":29.29795514,""C"":66.02401389,""D"":0.0},""choice"":""D""}",False,False,True,False,8.92676467,8.92676467,ranking_changed_by_readout,[]
uniform,e02ea18de716269b785f,f40ead0d02d04a5edb08,48ae00ade5da6db7eff9,conditional_min,canonical,public_compare,1-iodo-4-(trifluoromethyl)benzene,B,"[""D""]","{""B"": 9.935132826, ""A"": 18.27868619, ""D"": 9.546870881, ""C"": 16.81589184}","{""B"": 9.935132826, ""A"": 18.27868619, ""D"": 9.546870881, ""C"": 16.81589184}","{""choice"":""B""}",True,True,False,False,0.388261945,0.388261945,values_correct_selection_error,[]
uniform,e02ea18de716269b785f,f40ead0d02d04a5edb08,48ae00ade5da6db7eff9,conditional_min,canonical,cached_compare,1-iodo-4-(trifluoromethyl)benzene,B,"[""D""]","{""B"": 9.935132826, ""A"": 18.27868619, ""D"": 9.546870881, ""C"": 16.81589184}","{""B"": 9.935132826, ""A"": 18.27868619, ""D"": 9.546870881, ""C"": 16.81589184}","{""choice"":""B""}",True,True,False,False,0.388261945,0.388261945,values_correct_selection_error,[]
uniform,e02ea18de716269b785f,f40ead0d02d04a5edb08,48ae00ade5da6db7eff9,conditional_min,shuffled,cached_compare,1-iodo-4-(trifluoromethyl)benzene,B,"[""D""]","{""B"": 9.935132826, ""A"": 18.27868619, ""D"": 9.546870881, ""C"": 16.81589184}","{""B"": 9.935132826, ""A"": 18.27868619, ""D"": 9.546870881, ""C"": 16.81589184}","{""choice"":""B""}",True,True,False,False,0.388261945,0.388261945,values_correct_selection_error,[]
